# q = (120000053, 112625526, 1)
59524001780 211 1340386043 28050631438754882852187749
54488551503 845 439793744647441469 93691230946189636383046057
51460980191 1223 1190580863 425454805103221851512114921
44105257237 2074 1253011633 12116462154959251253343467
-92885745721 4557 137338613 2950560987112231846088651
-130272589990 9643 957922298624980309 586806523711374583142992549
-87303924489 3914 561140808593273329 92911780414606553262996187
-120437674300 8407 1 542765742701243824625691761
-153899262584 12977 909530653036674271 305917760049240576550462181
-2002909395 8066 298387570266582677 745697471815157552390299927
44108000315 1797 755572577 16836843235651428949
-65174360376 1141 368907611 2440051861897162471874650393
13165180730 5879 745083127338342209 3946293224865944591449897217
-58460240736 15559 26276967503912243 328463543733484825243844389
-60138273607 15754 313486264584128567 2664240096181151333
45015106886 1495 755612204956352189 41244852202668498524192807
-30744064942 11703 457888789 19571103114287129551549393
-72156069574 2283 373015910085274903 67844923711034882488198687
-68358923626 2061 47844105020296147 195583418048957493018595597
12645763555 5266 1468191103 887177535162195401273551211
-48836979958 13473 746103049916492509 986759646525690364335700157
45329706969 655 910676047 188345294594765860769463637
36480970276 1741 619272109791787897 31502053069799432535384967
46163724227 428 22875869176688471 1120487170834638548077982977
-166719828045 16001 518292589 3017269770602709939304012007
42315612547 722 227898674295511783 1160708159703688267364985437
-82154159065 4729 46953132293377841 1613726411106833552013681589
-122593401555 10294 1849020709 449752497073466753474747951
44797508611 239 558441565757320429 15872289183379536600454393
-62010350336 2209 177951750808426519 1582576634217152425090532999
-52082229373 879 107156597 69133971078043496605945441
-137986086775 12544 512163754637569219 342573715516113846438825013
-47135273420 257 15397893019520989 165328898859144479594561941
-84280765919 5294 19808023172025397 9912849827098226739876683
-39812407531 11517 560865126526761923 263321239809889898781798097
42064958129 398 556719273926713867 1835463564819506576995630439
-63220468471 2487 752380201 587703501741742832638418131
34135333983 1457 245314427 1350403189734677101218698981
-75424654699 4207 902659818773806411 123350379636537728633764763
-69672483561 15322 680639683112446357 1543735645193688551984342921
-125758544552 11309 306926371 3968260148810085471250255643
31657572411 1435 74605247 36120881176745919933289247
10187660736 4265 164924597 164411091023629533272292737
40094071049 112 126283379 883159757227911851354465317
-53234822206 1735 561086325412444109 1489563198311221334549215543
-136664197821 13097 650647271 462709054866878635541668981
-8323018241 6531 66751654785294443 3471972075418178371153829641
-22718711152 8239 714757517 1610995219001323410509098477
-82246986631 6141 33816314177970481 669477061127988426939911603
-37993801768 189 737482021284926767 472068586885170625731117853
-58303348255 12446 36530247473746211 1042739705741315683855681909
32577658915 41 15948825744861943 353239665193158016377863683
916806883 4318 275416583018238287 7828704105149398233249989
-46811847689 1938 217760759 4839066892738005135353078761
-55894601375 3251 1 1283374397502336210381529651
299393986 4239 578667659 2621497481885238799096603
-150468278701 16352 857346639366583001 651861516276028291439544799
3047468729 3606 5939347293751381 4380125082162416161650767687
-126131683644 13117 463032001 125428917735688858901978083
-36057898952 1033 364488071 2555573261
-35769636442 1059 873347047 1216324440264714105979443731
-21946731395 6621 1 24162017218511419496564963
18256526231 1088 489686147648207641 33622738645359427834299389
13342427671 1673 1 2338389287656990322724426277
-43450613791 2426 1382162927 3337337579258681230403243603
-35502225349 1397 237353969 311125542037021475193365503
-30911254313 807 26794094548305647 1668291853139158477852813391
-66461185402 5709 626591689 2717162213676833748049589117
-71096522686 12879 440315059071334801 925834554272055249096595459
-44243782922 2859 235656864201944959 529974413991457982046425077
-105326990063 11142 203860831821870827 249052440277608206825507239
-60488553989 5192 1 1329992289961582774497380161
-24242097827 342 712398187 223199772905453239404579353
10649532652 1371 588741578537434717 5292316345504758444372749
-95278948547 10170 92164879 1035997583690221935055423091
-19549811370 5401 212290965371821087 387648725624033199189129209
-45327261934 3429 1 59994057673637945637449903
-33182767629 1831 895299189428049499 13254936080541187181832497
-91700335081 9880 1 13783731982175959562818303
-82934069849 8854 88304392211994269 36124215675894115724217559
-121922538141 14206 538331912049265571 2460271338081904126419956717
-91823078212 10157 437745799 11001237276134406147040891
-22938973169 865 1029349494836009089 39196589373079999019353009
-74114433600 12019 163316840143623389 3032845291284682748584532059
-102427906331 15777 810985309 9694983555470998045402417
-76621077073 12245 1333538207 4018363250166483497237672059
-97141583093 11464 454990591618597963 8555701697020127856104267
-24454229739 1640 1184418461 792499305157239000836676401
-13725704161 3521 18923404309915691 14484677160325931632207817
10935409834 63 920353227451321669 378248957686097961176495597
-6798975937 2419 125277178637103709 891843664058632943238951571
-15027616362 557 532564687 95538589944031451765733881
-46052231494 7693 218801612860897177 59368727229233895893161477
-10906607433 47 142139027 127749120940252282586496413
-25132109766 2155 1657934791 367293142737166112419881067
-10174561389 143 1 3370515801250427620047581
-30426364195 2938 151146341 650823958393855948475033081
-13426071839 649 9705126714560491 905141905064394909205649767
3615943308 665 561987577 59111020143625665649071881
-23657900073 2069 583777063 2196962476588051362027295187
-18581561919 1462 304249864207834091 10599061390098666064322191
4103357797 485 112500096906541819 2118395697331032487571635847
-14809859087 1097 147010337362931489 107810066697679450999756583
-77314739818 11379 69734462740944629 6624386986338992748870379
-31790075233 3546 823830205891641721 330830087792457804289973749
-22102968083 3762 553256645119026713 105727062630648710731674001
-39870211247 6155 818463617 5747381684215798684496147
-12784607240 1099 166126708148260247 42541485583005818028799631
-6699549051 1478 68514374650933219 1206660889776284502484939933
-74377590951 10639 132176111 18408577767880475235767723
-13414383863 2356 1136076719 1845926130751022158863873733
-18985471283 2965 1085796031 198280409916684369072734983
-4269771633 221 959915868840936299 1194506641958483737433123837
-3917146001 222 529273271448136037 155068118762117730386939941
-4126336085 348 916684551554241719 32421216784140711471113633
-46846394539 6564 616188467418178601 167390888701369948039027531
-63516840801 8792 296851007865667691 342011585942402541042647909
-51560645413 6829 336761124808165367 602528167736234116682315911
-97013254349 13204 126873029 54626477192872163455351823
-37075762471 4995 1 9279374638323872727320989
-82067095741 11161 321099282024610721 417404334205131746596408897
-2274713601 341 415509907 3988874022316675063834789363
20702663152 13709 105689345271966949 2322834749914943716165760149
98959831762 2967 197124655940781827 706419983109093322618210511
81323362213 5147 358948619 306738101560056221029647991
32839206473 11689 122983393886417161 4933740579941847362997291121
-237802834419 16316 108885449 1508849356033650223979352817
-178381599181 8356 1693340177 67467980268728382337593217
60352294546 7649 17666214804260081 88166224611491281293910343
-131607021791 2176 1 30664077569548344296150473
-197910738091 11232 223406737 101886366632362892626915537
-127415626877 1689 391415743097277859 29728314047365774714210819
-176338238995 8323 33380912110287061 4942488636104643356186081
-167412397747 7194 1 133527976230132822767815483
-144917426819 4225 468586597 3625701646546920388220947513
-124441724625 1481 58721883745775441 608687335541972326718960369
-141278465473 3878 73880687 13245304305083080800092821
-145679050471 4491 1099462093 2887732035684119241007318531
94452922351 2374 1 57639360974654804381572241
-204014262369 12499 224570307200067053 1299016915049794256953351097
32439212894 10653 732407339 1189856997333387960677280559
107367110542 395 875917925159921617 4187442769687389390650649599
-136123094643 3602 352171701239426071 679833466165688456631204353
107374524819 215 179042235237521963 18584669285229745476840739
105832592719 359 492195464410678997 418800839655978433697297587
-183786749765 10407 119945430524071709 2325549967350381366748414067
-135051860107 3831 391374238534020323 217026119211313416897186347
37012170 14461 51759582687015589 67564263716764625134364609
40488996093 8878 836716538211950609 174312959074871745851272051
-186741967221 11003 1 850758069565191155741369671
66291810109 5314 389881417730098669 2131408514305759893888266147
-110356000348 889 83636219 13810758019911548699552231
70474558332 4519 599453447 487605061312144518519476041
13996415324 12145 1218361153 8444433010795576834401511
24400561007 10604 1 35287355623404162432646907
92731616275 1208 438151615428102607 2631853176035188222874772523
5575440947 12994 154338557 4122477244551359700072266293
-134667927496 4739 17540705934451081 2997232495242602323237483357
-179062580036 10759 1037446061 43400841420998248128014587
81527085934 2467 124497939103813259 2043018137505107784594150007
44829431961 7427 556664792826317993 333047834559217746725974489
60370919635 5287 1691138557 1086742943353355444743922939
-105257737363 1174 670351307985750983 1523737034469445028725355207
-208639263505 15388 356069721934343633 36227338867960871478030479
84257827545 1397 267750781 4154194963980720407495114077
65901973885 3821 940692266330387479 924336505299445695358200889
69395492062 3331 61123320101139713 7562566396674603900044171
-183297764905 12212 354940763 1129880867440447683521203949
-205312119414 15425 189920956115032937 395002634233945920897880091
9101438810 11149 32856746455283293 188091118148061855300001303
22456707207 9338 15942331630618807 515854967561166422276787841
79225816053 1640 619104001 1300048353720950789454470617
90707954592 83 115885307 1822062172640655757154459173
66605376528 3091 1 28678726348897667186493631
-160789515837 9827 291880568385932531 163439681446093581625873201
-156462020152 9289 281921977 142080633532852390594607237
-24384161426 15169 1 713200262209017263259193633
34128695077 7202 1 4714342674229588652630775113
-103887049298 2355 857084777 854959048704907058938547783
-134229212661 6502 1501722197 2631242888415268583
75682842808 1437 15108801375030221 24569036556631439700241237
64232945455 2713 474724682197208063 55582144255841331766440659
-130000328905 6254 41038517268653243 1670497165802378517525586363
-119206724705 4888 413091925916414803 185663960982115791483935513
-84615521876 295 156316397 159725435877115196578766729
-171424438478 12099 290019066723759851 2648152663218063830211421121
77302694420 599 24045244642023659 3758449336265319624889397
-119812827333 5198 172182181 1181658584206456054888511869
53093473943 3833 2016036637 1226270017336500879805489859
-193944932022 15283 1656092293 1436718004869698438268223919
-142550541445 8444 278370849631369739 22211511936616528121502113
-81065174104 497 131329073 1385257085855881643375163311
-183602644883 14564 502247811942984511 2256461722184550499741892851
-115553213055 5434 513632719989441953 1412368513859405915679995741
-127308209093 7028 10052066442531283 1226862347901819731442214447
-176536536103 13736 1193138237 86090896395041032190451751
62880325979 1676 818319923 15578831253840223940798333
-10446603603 11603 1055998277856242579 3837603903617630977909416859
6277511719 9205 1 135589514109689893447400119
-98044118086 3255 342388365888310433 173925209086281089771606977
57148350629 2258 110531287 116035769362306056653131531
-74516057421 211 800377404180288589 220332410167537295144161367
-91433222359 2505 1395470303 57199061258342137499469527
63667511997 1016 1667791691 34104578327551663227385157
-177347893073 14562 9839817205677779 193653827118404350253561623
-69867521333 20 1 14669362822128117184600273
-85943334236 2265 12352665353934517 1665387367183107008580582799
-9416674401 10666 1356383687 281364365329566994397120633
26164762417 5776 818443840449280039 115849218443313716505383777
31190174589 5062 377061267047766211 2683444564157870641338481
48138189299 2715 1203671881 1662625110766455176645456239
-29709981291 13190 88960180262107981 272999292098382763813815211
37656322854 4055 500392667 3405735924477878046896649013
65633270671 245 1884221593 3942814073056766684664970891
-51447383559 16040 214756421935433429 255351655114673243267174849
-25906037273 12544 1619306999 936703432530810793436977657
-153274892617 11916 425074377331096663 25719942985108547457156013
-30675964828 12963 917723687 3031060999687874521544015687
-16148802595 10928 2092557637 181619352877729930139450699
43304634079 2866 337012002605181181 164805206274492152181441803
-114302564793 6794 678927251 61157056267673789
61279755413 217 915002447 74056502497869150858610051
53899205550 1169 197175599 2061288587551451251770124219
58865621506 463 888338932979287159 232604028367667288379345847
26726776883 4756 865344539 1299879585644292329243344201
103544223599 10872 1 29701553245076241186078497
-184845759946 413 73456987 117458358247725754586579873
178378299767 464 849748007 757333341387326249471969513
92146643642 12027 285635599579845421 407415244759829489564034629
-201085859814 2843 759170273996860051 3439708689914547167477982761
139426783610 5453 1 3473318183654014446094447843
-183494333134 783 159116026773213739 1106613239
134473884294 5669 575304641 17401519639226823915009709
-218806967445 5783 207819253199001931 916257884480670421
148762437835 3406 50440447436897603 289121646527728444369595759
144798301594 3911 506013773 406135283031417208335820711
163267476487 1374 175034359 2599949380129677216306765731
158899132675 1706 321954544852900829 342442064991588069111836567
62524798597 14742 793199569 102500047795972067116345711
141003858974 4035 300682603409459333 1111414858121231983897873963
-197394899072 3807 183318981960551959 2608315650198410203065869227
113051777816 7565 1 90103416702454080090331783
-203476220269 4713 1317643541 2851052802229215228261587
-199451080191 4216 981523145719329749 177013402596625861336295507
156622530703 1494 307676273 54598258829889255605774647
134686672163 4436 984448985477114057 49908092836744619852966399
-267483139137 13604 166803139 188100066643229501338944257
-192089334374 3413 1232521261 839858999523177763785357617
80927841247 11140 402355517 1526279190418338876127798061
159571844546 313 13806690268973263 2501061462170945720079895627
124153343029 5067 14689402182193969 3052597258659038203193148023
112759082607 6368 699056221 544899602814043415333668327
-171763368841 1747 742473933736563779 13163440959749475137044213
-191482854039 4421 905575787 58148045246033393774183287
74083087527 11401 260414851 38100846047440364443624937
139723792104 2321 205559939333109541 17121451991254433650172887
-171367231504 2035 47308094051397253 1363928432588814895296416051
-155200300449 38 1035915276174788279 129670668088706269370253517
-162850388276 1173 2047874393 20070434766320828102383537
-198786458347 6046 53463904946353477 428780184711952657040883389
99017178271 7369 78944386732530679 169362332602408364153130901
143726927851 1290 27727703699455777 100337916405546828304996703
88891296743 8677 168139546340370719 4205128185244451261595776309
-223058113825 9679 79463743 3859686195379280146068192691
36697793672 15543 31856652460363567 1662629014035539694704137987
133727148739 2288 240192199784708473 1097761709778421983088166929
-163154870754 1735 914601361 756994596141139459321169339
113920520881 4925 133896907 206223519174507812303831129
-232250173502 11137 64468254516009919 4747374297683562936411898837
43639966657 14325 220439394517007269 981140086523942452064588093
-163813251028 1987 1 6720610731873851269019491
138525997945 1442 340990740298879669 1423480031831641904481571843
-149959218123 206 1 265202862129297509800773827
-149449719803 202 266228089 204787100493833575611369689
126321891217 2804 408106020224459303 7585730890740449103942631
75566381161 9654 607715322580485593 414786383929827209211485261
34776639910 14697 582038872778059373 104971840896889883568987277
-145444198728 505 83544210737143847 177168553586504697802643651
104926539769 4973 631777466210860531 13561220735340574763
-236201846560 12877 96346507596651493 188737416440106894363055891
131315996410 1183 141382411 3473229860868970978040016581
-237737139590 13313 1 1438439692515639436016995819
-232271959126 12637 1 24627794821934283926279833
30704012635 14696 180136211695963667 170451734131774756767392933
78985040904 8149 567661123 2610450918768707925480556093
-140368596031 191 1 1256158729290688834416228547
37508693435 13757 1 1130482245683244439057116899
135160172348 499 79448091725119333 1905348576172196193950649091
56794433204 11093 1 136944951681585394321596673
-193859439397 7656 407602291432468609 5986234178170524947380441
-201048947265 8696 746454345748998259 1171182013665479364288730873
-138913230134 433 1 1
-207901274262 9853 141021849437067089 2577546950420169558732459529
106246122895 3834 227098931 21120839037913610602237523
88025714049 6142 348133763822086477 2793761871855654302780017
98716114621 4611 19854528772346287 1508456707869996600991646233
-187144763585 7494 96949839999264643 1027075713119414904872586343
-140031613910 1203 489707021273135917 19250708715374362892668367
-155868082664 3383 427640628450373927 799703723027826239468343851
-159592218799 3888 112234289687568809 4416173125463235720500480737
59123014615 9687 109606249 1142081859772185353799567191
-179301009935 6707 1529343737 566674493593206329261613937
29163710449 13538 762757361 66131667288420017964039149
110691809762 2385 281083841587710011 2246055565700951759528974273
-147688499807 2762 479935580288399083 626409203163595302784104383
60551088775 9054 54769552813973029 788350388342002067
-135920106379 1215 25973845789165507 829030972245269362169917709
-136948524917 1387 1439097427 72110401653649109449066909
124269705383 316 211411001762955109 35005852633394617803633029
-130908131347 633 1928750359 2296165983069786048062338391
-148704216662 3095 52526292970316117 4051510823667815656890757
13222765903 15244 12707488755513113 1006519366717842930406378009
114066798800 1309 77521823743201223 2725716828465255963059647813
-138287448796 2073 927760619 2639966025500446985616846323
109991388697 1764 988934967981585743 33406042839731196326260603
-267105348967 2927 201660733 3852903432347995846904389057
228882519569 2191 1 63742968000506782485114173
220783281302 3273 621507373 64051025027795076110978767
-347959046788 14135 721466863371061343 8312718882312250463086823
-255084949457 1655 57343868232733879 300554002805277130519445509
-357381068466 15673 78400199 856658990084654631787087157
180155779645 8294 606582527107405501 163762481999520234836805991
169702059644 9679 535928905726754153 77324541660633235629665687
179406281219 8298 92299171747242409 3569846143353144997969758811
237724080485 211 126344321 3713741045481016510665833
181355899425 7757 536346340147685783 266961928406005416853539301
234988826675 468 870149557 994527985763272171639592393
194711863529 5832 1478708713 713037980442156043679233433
236219060770 171 592424227 378564693240885827716721987
-258101985707 2894 357884519 2944123170433908634573481
168408973091 9236 1 8249717905693246386707783
-272310731365 5016 1534076123 325822561957017589937488987
-249158771577 2023 395967629 5836856203004817080125393
202645622167 4268 326373977 1807655166269218932907194011
203260411236 4087 164491361 655473608416499511891033359
204400183136 3607 236772500059900913 979987450365159474211496219
-299256060359 9337 271623413 5658222475141848306931429
192179279983 5134 1073016604896387919 174153853046447249300027333
186600162079 5679 202637811318081019 5537488609483651049793527
-239886486560 1563 9740744078979031 1378617899179105330768275359
-321638485261 12665 122710831 757676932431337142606732341
140274079172 11847 35974162667747783 4179777468800558789930369
210960272131 2213 182562383 776912055708971618699112463
-237720422993 1432 1 73541582034349476529839583
-270087221996 5821 320292923 536818256598239916871290719
-318817440455 12494 862344870719597753 897227704904531468444233613
195306894388 4059 11263769961313487 266056394776656216844592147
-287316899896 8613 285949070833353637 462391837920538175032739231
-233011578775 1363 15768573607952183 1200936303593177421593994191
174116598532 6607 548003516324158889 3255292154542740456888209
160975270918 8031 1 3900649736476932561951978959
198112732933 2930 101570775559940971 88390746035778144935971117
206733554996 1761 774589703 1688828282494931700547605253
-221780949361 312 1 1136494179187968917
-243310592709 3443 43958786950170437 964934660777405867656694473
141296097140 10309 1221500431 122505880185736911203615917
-328147847024 15061 35872321739598847 2826881802951221815401246959
-218815157093 398 793638793490151481 265536745670040386539459139
126607430770 12073 281184412755041503 4544303533436211821058047269
204619888325 1413 148647353 1037674981410155001330638359
-262238419440 6449 455800881248970217 3777010465276371669551523511
98099556759 15776 163804343670600013 121745818144653855616047659
-249445662466 4877 51131026638495893 18522027786970430138926733
-216114847797 520 251807651 4501509022804061302809263
200657839205 1576 256574352608008969 3158644261297112916677354381
-295728929375 11446 225006002325600317 859475081859835963453398253
-261337494732 6815 11702624155485611 597789768494500293616931617
-214829056271 606 1 126185043575165654125237907
176392365590 4541 529067482581508547 5023797750430525344997321
-215729484022 1021 312830472780092021 278068084706441289579260063
201496646912 909 321137354398131059 2480130754831058274537680321
204191708552 511 1837289459 788874039322218326337675589
-287623091788 10835 397334526165461317 10396253475304630629251159
-242092106133 4726 1069870091 133766349183468699602797153
111209000937 13022 1 1730554633444481103301219273
-291260780970 11491 22905387800460859 346896139095828161276903203
117508894366 12005 807906541378360867 3179428874512691671462369
134547411021 9662 884643136373307271 3036738983056210759
171900125733 4304 1081603241 11959175834549732845334167
-237640018696 4643 1192202159 17026281352007610982493563
-205367080923 283 128216863 3608837593951961168192397029
197706299034 707 125163041 4726669066337682125627474513
183295857069 2417 102077704688223829 1001898539314690782981783001
-268499134406 9153 276379907 3367726636170805954861822723
180942726999 2671 1649921503 2573016831442864634898535117
194766645589 650 701003806399471349 39932704394143315476476201
-219046291801 2740 156260441 19648154998044827220664003
-211187749347 1772 121414605638165711 1433573574748061963566149791
167943523019 4092 93517699174897061 2207982598438717648123414589
178996627078 2463 31976695067804749 4471035688548269470471122517
-284581089422 11887 454072204436033507 679344035046140295653520119
110486615291 11688 249396401 68644476019662098382090289
182642346744 1871 1047109991 4724482596045583968887120101
86938438666 14751 115285013 73941322690743667361751239
183043274530 1719 228445121559978751 3963132278122634039586299491
-273803625690 10751 303817508035252361 3768025344176921317154631751
-208003464347 2105 423699161 565643963
-238951034631 6448 38202737817098759 14298164604978764009
119636554677 9715 840051295475867947 66007066701548588005341241
-238811614325 6543 2012561699 1347460333374176677077932047
153606329367 5011 208120520598299341 18925810590540022911419071
-203322726823 1812 799773421 597569562662308910705782357
115089214596 10055 1 7146388269057906624856307
-191144063211 307 1028861326021488287 24666847904068358669258299
-249193676177 8260 319581994781853701 225434797581250978074144929
-284838203953 13484 306515992663118969 1772602166821792542370520123
-256784191331 9810 532733347 262446768319015114321778983
305783570539 127 1 718773619159573481324361361
207169387874 13483 1 117325233864525801643099031
-328590318972 3047 27256362138738013 34901813351380351271358809
-342299564665 4906 322794131218295897 1713538391703287823616609813
258838027364 6379 873942931 13005025049001669700875403
-314894510419 1320 430022542624062679 16388030332312435452069581
-305251332431 110 181448498425951469 5875649533825072459619423
293717572203 1454 1 336285788376368357556095299
-319984365213 2417 1103151946931080873 707321811346823639309851931
256560769435 6102 111615859094876623 3649453396959437276135575709
265929161803 4555 60973661739259963 1777925131810658245517295653
-298995268707 238 56888538018424243 234308208025506767638171303
209086426937 11726 93415081 4413039403165070497255832359
-394612113625 13513 107754640502943457 897325516307619086916263579
237856504135 7662 616349519 64804279803519363203275859
283461930767 1429 343846409155973671 30567725189837294049144179
284350432042 381 209059406291737873 127028206275266009318454581
234477241398 6851 219062121678085519 51527382361284367801302367
-333848336766 6689 554310864849983237 197693880718426146533208497
193800046173 12253 224724892541515001 199311516182376878654917843
259840287122 3249 1120624621 3403855794582790205270229913
-349621177855 9137 748477727 10895058756867544957
160137497039 16118 172734959 873770227065151946653225253
199174227735 10792 652519817 75728999832826628697479887
240838337414 4947 958589117 445948171618534360177777619
236151497527 5550 1399554449 1175281634651998515174472103
-351178057759 10178 462036361 998061132676947556113492371
235363158595 5364 301393129489205191 130391365055171335591142363
270996912809 353 1 7632257076331794108785449
258797437530 1991 514953857364466501 2031302641093583919703636849
-280754107737 1084 37665447335865157 25901672450613969061083257
-353013082568 10915 802085071 221940193427862419150267261
231222113206 5535 233536493552878667 4183963356680649631944009437
-387937530526 15781 809188843 4423266740024804281455110929
195468438439 10188 88190644376323213 32139259658475289463049059
179097028249 12229 88375655010164989 160015614811576163013306893
235809844207 4441 1074750628176149803 373622225955092085319755973
-373330719410 14321 195810023967440471 3586732978253178353980702633
-372574502414 14251 287939948069509921 39799182147187675991654411
202078797459 8836 1 103779492778562118632163683
-319664318560 7239 179148026838912641 72726381121111955630682193
259199259773 830 9513755175007691 2963006970249686736722895817
260236444252 429 1256466131 174419698270012895164960087
196486401415 8797 170896939563681767 706839981955919573517882461
-353291008766 12645 721200180516444281 1041047087454063990027086771
-321264789669 8351 2027047069 17961424725638536492094861
153715536229 14369 98302301 5860683667689526094535539
169137023850 12229 1 28720083238384064982855769
211477542642 6455 545783023 1378520288941966190802186697
221123423958 5147 1 483569727243627706639107481
243571484146 2103 432013903 153879243702473378551084837
-340574004683 11067 578776798284490129 321805450638652479138950171
-316818645595 7862 156215753 2400097043784838145953698461
-272056658119 2020 548527935431290153 96348149175081861051071537
-318737414029 8350 404723851411196371 53123884907505788153315827
200541854558 7645 333179747 324356578394361009942763159
-266907926359 1452 57477391270644239 1026971636232539724668741131
181893723146 10011 232261933930181873 1955365753345156233143650531
211257082039 6013 747607219785278789 1157905509076206586394747053
218248829342 4951 40981576297259753 28242813122223629274898559
241371330772 1783 69137358991994863 75814401089744324607914071
-342140226985 11914 895790760533582561 321494908846944531297783637
-268656424715 1982 839897011 312621394027661384752586569
-252284398318 185 62174063751920047 114129694435294153594248637
-290241088787 5332 1018059774236733829 192369347768762723861956051
155008404075 12778 1780657807 17765674749282790411
-257003479391 1069 207572326749095527 438001849611692063
-361210256850 15281 691038819382750879 617250344291357990019413797
304017878422 8649 1 109333111354328957988227579
348365659972 2375 17781827912885237 1728584163822750357753027491
278284217977 11748 913881285963804083 37567594171854278268392659
-443036518063 10609 524363219 2649198879739210811685223
287804116127 10213 551016503 119678695846560650567714579
-382255050322 2611 281319132576499243 675562520265618597422365481
258858441695 14073 192915179 10573521231728046059765207
304947307324 7449 136897230297523651 737686718747054085300694451
240152705481 16219 154339577450725873 13542369605741220501415409
355672007358 473 367436420545654517 283310748843377677099724537
-381543895445 3198 436368832924443961 72503777784502595883531637
-404191067862 6269 374120257890129967 1049925682782823637942632841
-383844091912 3575 960156611651135893 1134244306266095322629198249
241066689622 15135 277204037316449413 19332729686503789883542727
-357686803643 744 749463331 16056091400149170081115837
-361620785819 1310 187926137926968569 1075532290684893425395028363
-369387554164 2591 194910367 37094519049176063970623033
-409268340223 8064 214706539 82867502159041488838028369
-460912152804 15067 355510807 2364199424978226039676373459
-429795008149 10880 892642985212170187 209826633824618830919293061
-382119386801 4529 838886070667415077 389003700421384443987564289
331589127797 2323 77749595503658951 1245169052872417632354984931
-362216890092 1879 1 10418010771090402022262479
345582660508 279 1 3920896545315151546103807521
-366694619395 2714 302704621 17301759130805763644448169
342988874375 468 28371022714116109 1388444753081958161813361191
331336545258 1625 68195879 652395940487662751252957963
-357677699745 2012 930935581 59633323497211667414852093
319072786357 2930 1 165284377344428557927881707
319048655155 2917 239234374666070129 149712861139069141331643257
322869355848 2285 365832885707212631 14666720342542803842955161
280525517521 7913 152444655218966347 80304114885039673218678229
301511413742 5051 476896391 15686386700237444152046777
337819569448 95 618475735464706241 3655941309520664312281714319
-375396143798 5033 109334250752908183 18393588475968566261791199
256739348411 10992 755112887 1446805332842389936258680797
-357731488055 2719 319964893 1795269735841284901777201907
254675832515 11223 397178333 217958542276751956072831847
-352061172499 2064 552161497 4590846005962034341285726751
266807625137 9464 102663719 39912356557541601177518449
-424421422837 12104 188446599441151721 4410642357318974535902591909
313385873126 2855 41309001715732679 11036566625738646680645953
275277020918 7925 1 1206794511270320689978241593
-346551168416 1805 670980407 115948187563447275354922787
-386993770191 7403 19567967235549989 73312203509871074509720781
226835144469 14266 632780513 5406266742799298976987599
265628515774 8973 516937459650571229 3070109829085793616827355913
-411437007661 10864 1 42380789664108468288666007
-368099695310 5443 89745373 198740170530008873207407261
306739615428 2845 1 4880130498424541644116927641
313031478373 1764 165864057346799641 4224353350045027131823270571
293593616615 4172 131320639463371507 21083191213647274430072953
-346989247087 3215 377035405346088833 1455537450991441018164118919
320424193212 371 415415579 7881129901136935600154341
271725520232 6877 137010677 138942142514347774493443999
319338865579 209 1 2070095883083953412786199889
272738573509 6463 80573660084845619 8346364027952636831284057
-319673462372 113 1 1564508512261034418248551709
-397718081613 10696 1046827079375769877 1062276748398652641627765361
314646738286 471 1 267309218378196114196543261
235848605377 11026 971733155903716351 4849623498769067530078103
298478455567 2517 1016431321 411637307
301370621815 2076 1579883951 2125280732163155869735089469
226320795993 11960 1 602737013393572081607529341
-331097419652 2313 663994426774584413 863707840814841254967017429
-358098266327 6072 1 2719297143356975081187078391
-347504430313 4668 458725488490954963 21853828638958657625202911
194605042487 15919 1405963667 3551582685416341687164496057
225378983408 11567 876601013694886507 39135140912592113394437431
-390843293078 11033 415233113 1050943349391022720614664619
-361997502739 7154 7652111712927683 4309372533609172113559177237
263646139468 6085 792541769 151320416862583067407182443
241610396835 9008 38254413694462421 4499817226143251508971799923
391203035272 5223 75342437 2322341802402451935440075467
397284396219 4138 190502201 1034770329537382862104062407
389639059091 5012 286454334344787031 1911788219551611544174597463
407654372595 2504 1569752939 158552854100656406252565943
395330882021 4110 1083794386953064349 1038109035205916154986572447
365415785267 8134 1716141419 3597359543
-428950734407 693 640858529 1041732891380953386808634839
-426436716407 466 53478318899084711 1977295061902071808284670279
316223098478 14349 371116498724435069 945413475758147240167133453
366548957847 7183 559967599 909540898867956348850694443
304915364509 15443 399043378708205549 535149002417735665393308209
377510208297 5599 1373406143 157987023971635829432042969
383586858295 4596 399230924188451959 608399842175871686178086249
-530518981614 15491 90239208630103121 1582018426459450464826093427
-505147289199 12197 281146167540306323 4843862926618447368049029557
413182922267 241 332109587 22416843041323658997934411
-439794926632 3449 274246523 14326437028883775818609299
-497550910182 11411 853666889 2183781517280839474637079769
313330554523 13472 466976721883769269 15046158201349298482492729
380859098262 4315 248436059 1108651205474318240976724841
374631061732 4769 156314306553209243 1282805001195204780263893303
362421548348 6327 195868753117493227 42235415794197303881277131
-507688340479 13404 1156902317 3763012965273730116388694687
-419869809385 1577 128640840893138797 2230262947758558272077348079
314662143625 12608 16223161599406379 4852287138672505825660597
369494455198 5075 967112734698613583 2248941283689032885928947441
-409581072056 491 163851659 63824200204996339943733461
388782898295 2313 2047349263 3620890070909038253276729041
-447187840221 5737 166051800626056019 5776821497730263685329773
352370883004 7039 222745997 5405711916445139635912817
363292557491 5558 78314710867568143 3110755363479137086373287433
-411746559166 1045 138308994740479753 44233200740612503776372173
-507718653544 14059 147380465938928429 101633937233413499261065487
402770447893 42 228287419283942779 657448713360396180766602671
382180271552 2053 244226179 1395014858567522944903241669
-406400921548 1329 30695804901164789 82964876034520502930869553
301512368070 12829 399732151328240147 510648987948500602136031167
-420503720500 3339 109042473268558199 4873744759540436150722427
315577638430 10759 33120452430432491 2796953132453463268341635237
-442809696804 6559 385095514123463527 12018955781709138111295367
320621158941 10010 423313661 10229697511076960629378711
383615720239 1419 195365537 691914585920982295159019297
-452803651803 8500 1 61897335479642673338831039
-394647475924 679 284054863 166899273230791974345234361
-407153361802 2505 1034932846928729501 1199136388305413274118112189
-438376453163 6804 548487713050410673 84883618166153003245380473
-388471717040 167 365141036573203873 304248725479652505106959163
-419917435625 4724 63102102938264771 184434114814621345628592679
-449411568133 8935 461753695308463697 1653650712922424142401613937
309390151820 9743 977307557 235844169201032745417491153
356788940177 3218 924495919116549847 35704416705436053870010399
-477426819749 13157 70822759818380597 36982642784081928192612163
-392626517569 1902 31871177449310561 43885059084962769556952233
301307093771 10416 288163921 4487740806065573807145686411
-382392721464 677 7603807043266139 662467312537294538531586059
-390207752213 1932 207369161 450941764525147996554232733
-383861643751 1104 937197133982719481 4918980529521244362033714413
323788090852 6977 178635947227535047 90708975449313501527780413
-401067110949 3551 769603819 99184196045991763662699703
-384843847256 1465 346459933 320128826554326692567287211
369124714977 634 328006146767204111 43913133899213617
-389481768782 2159 89064382686820043 53738285354870042904701987
-397183478298 3301 279282306251958377 4436432306895196536569710229
-391255094047 2790 782546033 421905013444403526975733091
-416132732903 6196 1 2963536448699421618964931
344396693532 3499 84392598594857083 1578104029479745889533327891
-447038719603 10452 1102750092541141021 3146432119785026479622824541
302984053228 9017 160756681 284984141336169973409219467
363989499857 712 301621750661672057 3702834613860578174552143
-381434967161 1735 98102834776740029 17247096989876497718455553
-587861733523 13178 104423166574416023 1524181510092727587916819189
-521534581728 4249 67846425168918101 22217791914764401996410817
-560372200195 9548 399458021 12456843239288533713429073
-494742269180 681 1 858995160282076509487520317
404807248837 11433 1 2584530003146473131040531
-531081970365 5804 723461789 6622718017882577209
387874062681 13420 233779067 879938881162545968965819901
-553385283091 9105 56277898678998907 3447305610944405647493571499
427967398109 7788 729083501 4659224006985312783747820051
-558681664391 10409 115780343872823419 79987228333560672409581781
-559697341496 10563 94680542886093457 2443631174722921397561951
451991142247 3554 325510741 138895811839355007907926727
-587567269193 15465 1274546519 377175485385605381237886247
355809360828 15913 1 13614357850131165866552417
465877535588 955 902720470547064289 225632642027290036363809221
400002237561 9839 231516732034235201 351848455282533401991932999
-513405706146 5555 14357041900478993 87029271991947751649902757
439264259059 4336 549576771266613877 59238510829987715949081379
-485330921607 1927 432597745933318223 263496036959625003503324447
-504318360761 4697 1100963861146018741 29760268488763682169042097
391328601145 10348 365594469337260407 38567251122203349449333873
-524694914319 7753 126520543 2374804905353652791508529297
429316876843 4855 783779634348424537 525834646861330430150734789
446891726348 2423 138942491 4251081710413620350499735043
455353668102 1243 1 910985574274088250615615491
-542843048809 10637 52051127894071571 66649318485207201333074743
-512229379611 6502 356739612208727879 2137177999965981267159104281
-577884952492 16121 234020179 3770022392860049211602249329
452642783994 439 27205386462599707 74916148923459527077240771
-565727180047 15107 649991521420835137 5461126692438166818797879
-454009854317 202 1224359041 24749792266988945168823301
378368018964 9925 74707830978625813 398583005162886267821257309
-481260122996 4125 162074543 66207818137283472420501817
-452640935373 293 235259459287473371 2403525480582067091068741007
329694212643 16151 1914417569 4301146662124025028551914903
412537641340 4901 1 991948419846806329356633911
375488713399 9811 84738607 211195968834974238799860269
344998403539 13913 509463107 231462363495594664290650789
439796675960 749 235195627 2522734593956664024245334527
385937841701 7971 336345571241507167 1065332579999795066110875313
-470150924799 3481 150333641 25627384182074312606222567
-449474102755 726 49584115864162141 567873630481848065358595561
336307314741 14522 406377887 1137799586531298210588585787
369318440671 9769 606173179 5754642260270974168022429
337134772429 13645 878636193254493241 837111480782581860289812893
435877025381 174 63754311252415907 17781094418594248180012991
400014044623 4972 40831003796467279 4601023846716526731694861
-447148005965 1452 95985930180215057 105966426150117952001498233
-502449583938 8951 208229477 45851144220833539140725681
428711688465 1048 143987300863400347 189802381586702196345629507
392126004061 5944 1020972754510509149 634894700569238066105444701
-435848918687 50 1132528807 2141644706412066902553588331
-497304211463 8416 6040801808320607 145004599531468365033711313
-481191605425 6524 45805902168455419 985992451149666073682188597
-462326909402 4031 347056461550404533 27709319071460616368740531
-509175967519 10514 108918586867758043 4448246657721321508184370779
-435798111955 694 67250287026797551 18543367016223785399677067
359169401898 9697 74331997 1842034902650565062898709607
429286404614 189 940320134550789983 852197835951995082796729309
-481077051778 6899 138482301593354573 33003758027776892446783073
-578136919152 3593 17055023333146787 121158109328022326686265143
-591382265351 5503 274721773 138786563778213581223713413
544120969179 743 329783939084130373 1900302120044580311688236081
441041182437 14672 475106171 139215862049916870771207841
486747844826 8409 1 1142864786876563187852368939
-602308730287 7424 75947528453731549 655828422480055702337444399
514702052855 4358 375730331 112310027907270485959755659
-572193209390 3503 78529108276759213 11252368432601034289529893
-655900153453 14984 97404435716706479 18261550139366865124293779
544977885225 41 356417623676961031 2032354665562849963128107131
432419823667 15239 7255198448651507 31303933234637173675304323
-544865299449 139 576606808420837781 78260818364603861149682149
518903644874 3235 1528903729 206637855670398363408389221
453863795269 11485 228653229042348587 174031607238875620878538463
483502059032 7287 1063107751 1518320812183129248814647367
482172676301 7272 132427861 11971301413385511071694437
-558264397551 3095 43834979688654397 2813852390532114365159094973
-598769394577 8913 292689560535073087 2310654583911944539104310939
-545561526315 1763 215375053 995877880918774650694948901
518442071001 1768 1 3623567320775298211480733
529776063043 166 1148290445794167007 3931942997484796432107895301
-608326861069 10567 608501933173520129 106202348390186005362124829
-534607073935 603 105513829 394854913324258437413471239
-595925609983 8983 4755960209611867 34825845547025587731036161
495794282377 4595 752716746249709141 9019863167578885453934393
-570656465239 5589 132889240964139469 223225943068338619
-528798689737 92 1 14426150191643129902253041
-563538078813 4819 156395485787347669 24631699131523703616490141
-542494577790 2177 1 15283487516166377446803883
418978625067 14572 444618661 199793101350462756027989687
-557248342739 4259 1 5775867536417716614048299
520952272509 614 1116836219 2777934791657808026891034613
515186744059 1347 1 65242966397026423218294161
-560058077276 4819 1 638333194702123758604687633
-525806142439 451 325493024592944591 919812782855505196947809503
508374112275 1864 742313052909520349 1719115408356312447590397179
516666439908 707 32080768168035949 3565674634981572766815416581
517431383095 587 25830766590603509 1727601207333968392272931991
-612627144517 12338 47203499085457027 347489302293416459582333377
-576026711059 7440 1552064741 3197337688365813086963903
416016927541 14160 33701855510875751 762956837062305148117442843
485349646317 4319 1 702553255647373157812900601
497021514937 2720 78595721 329780171587832723238132689
-529997736103 1833 542089753 169225996279472949884604473
453454856792 8465 305597371 3855483500007685536798073081
-525411476016 1325 408893453 16950137533322680241272057
-557562406115 5701 1311963031 828663074562134718173159791
443387315523 9700 169171653482078729 413707632799393660600854733
-531758975892 2381 87254347 327689809843710555353354131
-604709188390 12501 43736354436924749 659848852178154037061113357
-588186928375 10407 1 2003921624895654423254925103
-514491272443 430 135413982117575591 3700816463987858598925099
438977507377 9582 91076059 2777442731802905859129499
506164815253 455 132016482166514191 2547924741414088676803741
393606753695 15653 311176909 5883005498670197399714801
434201517209 10132 1 243923048322990594654682111
467196502671 5609 244341943 581389917894222893197114811
395612664789 15202 930341117 1240903669343867404885282151
478229490770 3999 1122760477 5938216635765267102968977
396879115562 14835 658637931397604723 46490069902400976981308657
475229568945 3641 71839219 2993716157778711329437219781
-567801390169 9156 293496183981091037 6001612896401350297
398873795887 13637 270897283 748656801872787461744411231
-530342848001 4223 1074424095156122869 20208289757023114049417599
-500980224565 518 174247522058654587 212025292387696843413739609
-506161893218 1481 197627501 4814158009922286458067121481
-582437977643 11873 7092962862979057 119095059707880487308912533
-570232479501 10283 1 894614200647621389467973929
-528467869522 4701 133810403 750513823622707086437265457
-493371839572 7 1075125673 4196443966251940106008308151
-512861402519 2780 230082972626271491 13354764331757136612672389
407996980243 11391 88921241 28091020935312683859076583
-580346394803 12045 318082399 177838046985856712496108503
524635521095 12156 131407748233279867 282976098244077774501934753
552865210451 8328 178415085105005689 686420118525156235910058619
-681559472542 9351 94289073772471873 292640897073225482919926209
549781386001 8437 177359574472682449 4550650292789067679083661873
610469727969 175 31843063119399107 489452308533244765928465179
-617139003705 827 21781944377329429 856176552877409424416681963
560264027653 6625 96041207 12120089360931075402359981
-630682730019 2989 163271204516225683 1711389187551089728623321229
574851537766 4533 97336086336304537 45189797588064303219414769
-621276232602 1925 159536417 2335303332747799118311590353
591828474127 1759 1 4880305000795899108750467791
593288749723 1024 1 931570722954419634903256793
496132715783 14166 593878361 303368901925643505817395797
-701986614125 13797 98875291 1440776800342497660917044771
-677126467401 10670 39669825370308239 29817617558348902896163619
507921304671 12242 1129577727287818153 777058020464206586692195943
-660625019053 8709 415991505805065023 8577885064980229940005061
-714335050858 16041 624814847 130370256276592620362130673
-712265512099 15858 361391090543016431 2684490979590481617962947243
576190739895 2594 1729931999 767513116481221797084037961
-634157881400 5299 53448684917852129 46562661161993776786479811
-652641149390 7903 804102833391346127 2135144076336216054852295237
-596247485464 321 206313829 15874620736610422019
580504917690 1651 814601145985432643 28156248267621337552041527
586724347279 710 935362212453652303 2058003807278191071049553939
-596166445167 668 779045173 7788932851960592265220717
546454182203 5650 431924956874965451 903181603622864242936162361
-647781534847 8139 241519237 11177521513934012378250847
478686334065 14693 1 1158853138568388221858485507
575153257209 1319 138195610269374111 2046371449213343082488239129
-696993920139 15512 357735719610221783 7449051087816320309
-592662471428 1397 414294849124671953 4693362789900385983561344239
-603828896720 3139 542457533 148867166669095269653305001
528242698298 7013 147962200376184763 26318091543171250365314741
554923120777 3151 317383837 59204486484308460504467653
517294964488 8107 1507888979 1086848504302981995503903363
-610403734769 4535 128432842737782017 480945882366030400592774467
549416436229 3556 946625848839090899 898265729201732202065740987
-652272442833 10961 1391973857 79728284479020702760531957
-643388185169 9919 46608272260769099 777723587217492143507677747
498682552797 9622 195658572480909949 1962881051872216906227447509
-618957808382 7013 128993233 179654722697378949465784447
-636951654262 9453 519976607 3965776691522167846736937251
-589294141253 3137 1291829723 118259069685638231776173263
491900114828 10021 318692046063719047 1922010109
544833813677 2778 384256286775819037 3632699754316649533832699
-584760854519 2685 762002003014223627 142184114174969556776037521
-678827001396 15587 510234811 180833241051564695764813757
-591001791482 3873 286336991 141913776568455596570314457
-608895753269 6332 282845929525359029 3032534004370305005875087933
488535442145 9924 114206118291528253 2700344293135961587500311
-610693249486 7129 1 20252325086236661754260891
-657056900735 13416 167854365004965631 231066778201502694081031867
-579104214603 3236 809400673 46227809665202669283276281
-576430660337 3085 114724863699242341 1564837359497197391369322211
668851989978 671 250002488569112833 108256886124643345767159817
601448196991 9567 562420417324842301 323326862283247825906681091
649966561788 2939 234916447 416121021959083535190845059
670388674422 7 109315594384403063 22228507040975218192918129
-670833849370 151 452008547 4079834638304808401438993
583675706171 11440 1 62562733694812340547047141
597620280771 9484 548512353744344201 843097264996145208146310517
-768120736425 13864 1584402263 73240122288693509394439631
590873979980 10171 510850801 3317447962720264929630383
-701701810521 5248 963944128313983039 34104892560901851767740807
637084237076 3319 706003399 519003220274419117405350781
557298573506 14073 1 3866632726882466406192175781
647507147055 1808 187862497 23382686839120802675390653
562448696680 13277 421741524056409853 4934325761710907576485343753
636010955169 3253 630742001 13228115591999898306946363
648669698493 1390 702230497 1784391056591402163434504911
-671997374765 1936 166384639 19568240933717030881276207
-730266871877 9870 849547975706258077 27960378571998115005593153
570114348518 11489 1205568757 13056766051649051059884481
553785138119 13687 110020301641634491 22565273286242933194550351
605589222423 6467 136629587 172690746310595644153435709
623789555059 3999 118928550591765269 381723440391774480872639719
-686168671331 4476 1304312183 99930134910997161332034763
639875445817 1655 880098970692996221 48860638326498510453132979
637086642197 1545 1 141460611813166479948186463
568230067391 10638 115651763 1997400779842432617388763227
555629704076 12249 565862543620529087 3004747304992775906032378253
605254943630 5357 1 144144730291285560365420257
-709370602937 9103 182801495793239849 181900157703655611389827673
-704493377012 8523 131894629 112673730214306289722987463
-734189285327 12680 1 1139892450755540770792152113
-722268034453 11096 209600249 11367740338892455224083359
577321050311 8494 528390763 1522549357863571628368025221
-759858701900 16291 812727457 3457022156360881736837186189
589550719405 6738 407475833 8984204322492182559636389
-646047050252 1281 86000183 2022139181831305924114077059
-687001237468 7225 186658487182762037 24773788411992129740198957
631928269832 243 83652749 3758276301058502624044356131
-651447330887 2534 630192918602402593 1819131179600097828816872819
619020223754 1733 1 962889061311367063899133133
557963890893 9752 30938138230904651 1372342484952701123989365023
615868676897 1900 346121261 3847412515676704511918600059
-637603534837 1568 436441067278759187 1130976327884808448745476141
594140855527 3870 11306271251015333 9772723616743905102042349
587421349516 4651 192533647 17894510437258306374737087
509585343902 14685 1096184235049188907 2410935713249095036199788721
585667027047 4238 85461078430879189 10003046421345794741624501
-655145805199 5216 310899122514792941 648097884439228566613359527
575954119031 5490 96585061 54263552492637447924797969
-620106107887 611 133047108190161727 1022164343583122892219742211
655287670868 11037 235247869 1212324784488364579435066117
-825654689329 12179 847609881193501007 108692531565952339368640567
-817060701796 11095 473527248926634893 78044416043827175567346793
-852166809601 15888 232554824927865397 56396991927692421977634697
-820988661109 11709 985494883 3292120502864851259199763849
714800839215 2674 1068392073121400057 1082244841516258759686599633
678680485469 7214 754407619278864671 2962103198716766608256013463
698940358509 4304 1 7229430392827043473
700991828679 3977 1 175740468876344092985343707
695242400947 4659 127397270651023019 1553213519075381965527545891
664521592379 8239 271841806620944669 2415720980357158789540679339
663100356039 8269 100846730096345159 26712579391772445364578677
-760093534178 5095 1 7046014325666125841797067
-771354436907 6622 1585494353 1150700497676032319563618243
721590472754 61 485470830343961507 16903026479143878001226671
-736669412598 2179 39658998687253783 1461891322839379305851774873
648506942313 9776 66277962105837623 341841131605779131673183521
695086581716 2939 13896276682519061 6200418700832376891299687
682775216368 4283 203409816104487049 19812817364023495632930433
-741634019683 3796 496728969912362273 137830469554751606895767591
-716088002198 397 397403242377231317 46348996127662139930289487
-781473341408 9719 102567541 61011334277250357119701633
-720512877398 1713 21204219924112783 3701099336045388026943217
596996268718 14971 315056547828161129 1872890080301096594243730907
668128948539 5309 148379173 18524587289484071064801977
-720073804813 1865 420282769 620044841830253533048875809
-777418126765 9641 214462786581391141 340057896246433859795932027
700941618197 648 851376195128897461 4326392013247649452795451
-777198282369 9839 1028183011586467831 4573057093283528474266415197
-772308315011 9241 1810014343 99313953036603239810018531
-715795306989 1594 11919699673089407 51963753225609415504597649
634411378681 9393 1 875859949523124094521608533
-704865602018 177 1493417521 4135373949093516069464501
-734722398263 4307 552477164161544857 1509582204673340643240536993
657890560735 6079 148541353 6884966055451631866868059
-706611397046 609 610967371686402517 105820662303190094858593991
662683387078 5185 1138901987 14978040776705641469889611
-786199379551 11743 205408709840377679 323906900916211089508681417
-763558269747 8803 179184739 39560299536431959607969791
-815721698253 16088 691132157 3253545454594302056894417
-702371282521 1108 735673722750757643 98599490351759266449039589
-727108149407 4560 833149921 1536436720980218849521669531
-693446792937 28 357133354881760103 615807142589664164311643591
-694957915015 298 253403898144315377 3663181917292851594666120257
-763510862050 9659 265860923 370582130932199324893129757
585658082477 14328 672773531 1247612705517659383623475957
-708275038613 2413 811920169 553944044580994023649354583
-809878608041 16272 30343720828822873 32180225069749873972073017
659778837147 4033 300105821 523283599141433860230008509
603205560745 11379 218206140742238147 163122289579314839389527913
-692418612899 930 192584197418437861 70121592007554478403919481
683858178466 3 934746653 841335301791886459725668113
-755091438087 9754 195987019241214319 8960304385336918466952053
642603225807 4865 148053473 42049249036797452948513023
-679727986139 397 34893106824046651 33583066544469079910303653
-856009812996 8273 149563912880180717 8548731040898107625335603
-820284980380 3689 318435703 799111710398769605648715757
718664694027 9977 609649043 2998125727520530350124528327
-884312015208 12599 1 2690096143764017434451179667
-796212596131 799 16162011655373827 687568327446236253868048883
767965494143 2950 124999774945926533 3232721337303135719406709
724705206847 8686 1147053047250433997 515193933137893216706354321
672968228743 15604 159347938548462091 19046864550296019087544913
-815963090101 4242 242210557 23201558735290535048953843
-891715583109 14563 181206638507269819 145387024185216771053494201
-864936707701 11127 460120270737178171 16090587492035255072154283
751917410227 4101 69698437 1259924217837777632110691953
-892672999455 15002 60340164632944277 1553628755106966849470012033
757215063691 3106 640688383502931059 1532013511431674362895456771
-785204752941 722 162493107679316489 603625181312894818428760823
657947291201 16274 1 156141298712962407433719293
-853728937325 10372 198380411 2830832394680086856820676463
739680565356 4963 1999684567 100393210194647985839538913
-790542717825 2113 127403011 481405106995188377939837567
671470285348 13887 131980507 9394059019221026357981989
704299671931 9419 502232547313828523 1942408242026033590941982657
758028468032 2117 42069265526858431 1738789945160516858007433547
-850301253184 10493 1 71743123144234886316120677
-783625490999 1533 319480999 67653424001175369784267223
-845143795233 9875 79176038913967841 451370114217623591
-788828587526 2385 332192051 4158476502772392343690613
-883870835545 15338 148929957102001561 3043751097140547160031909
659006837761 14796 190832501 1304067585751668298559812357
-768691537117 110 419196592703193079 1300805368590634745526697957
-794370991795 3641 193103576516574461 463717591031472550189534631
-798314356119 4192 1522383011 5292076386304760681280271
744865136087 3007 278580607 32285174441582211192221807
759695349634 817 474012239 32689428046879660743451421
-815007661419 6716 1043396578429797413 3085909945835637604795001311
756294420523 969 114679664982144887 3267451611884941977048011471
709463510495 7238 782096131 149526639897313315589431343
645841458445 15849 580345481979588359 558439165719616021223530319
742374016875 2759 91030022872843211 545425251348165352048493291
696193456637 8712 426781319 2026972246811319720360217501
683044019039 10430 1 702454113814431690493737847
703781188963 7618 312892787 2743098196111647056335399
682279771559 10436 1456650263 3430793427241475131590157
716362171775 5733 18186656459738027 3051664974410135257897602589
736752082973 2903 740656277 1065079507
-763831425617 1127 386663752082260843 42851866822450878191140231
-863409703448 14809 1 2850476774071560649215439
663647860115 12214 304091811221357519 6171593543302396138952791
719967122814 4577 1518702611 129518419853474671945909127
-777648665387 3261 87208446542672563 4629769872693471228394437209
715233372187 5105 120091736022889181 403450674156819936015082801
-760971540305 1146 110607283 1326287500345384726969681651
-756255898017 653 1003598982364230253 3338316122728352771753698441
-820656986351 9451 902531049263306887 357018182674124015705861089
693251338364 7679 401320465603593427 642590076682728811967509009
-803846463826 7383 168857771 315319934169986526134390789
-750004386242 147 111945341 641907234638071413279603961
702797375337 6173 305306803 16887287036485863331981957
-782281379007 4654 313035094743914789 3532986276127123330343681
632256744797 15413 1198608071 648885665077601690998001423
727506135529 2497 762427996794756751 2385688285167769470384319477
-767132868135 3088 895622992728561061 1002036671967089348754973703
669495482319 10103 154087542146307449 847980964428725038362627313
-743853533767 94 1 7821925520784672769671323
675729044755 8916 139775366025850543 131358624451143305915642323
-804508402135 8563 1 1007366266568684585011657433
-813593819399 9795 342495048062147371 8569346911098458787449879
-748244855867 1259 748540834926514769 8022165764010471191
666187837981 9803 454419984072767569 12460299362848537103629753
-853575920715 15656 1 90784922129091551687903303
-839890150267 13849 308575093 257018342574728442751276949
741856249899 15847 1 39124243161888424107223823
-875435768399 2348 351375996923766193 256904462155592283826468111
822805816571 4626 1375564807 7894727264465229286351307
826659414407 3778 1 245615355787470486267447121
-949857606512 12993 905707272461359969 37895981373634068935345609
-922182437845 9647 20003508289667099 4035142110489675812948310949
780588855867 9472 115914431 80801885979798357260786587
788960991383 8174 115517350721342431 5624231538656329213674581
780173338027 8910 1 2373190870833673925976796957
-862224452300 2737 99712559 237816409798733017422458567
839370137170 297 120765917 209985754885594661006397913
724935586469 15782 722505661748182001 4989242041317295914047977
-927444152881 11825 871810084666723801 1348261843049911184906104621
800511130579 5306 1 153007071682298446137834863
753794197741 11527 1 1363683021319970821044825059
-860840983052 3721 938199823713060037 3873846727197684212101423051
-889873183937 7788 1881131071 9315051003899698036562533
788643051808 5939 88822439 3477044405531679041403623
772403110940 7653 62672829479791087 69442466239949228363972623
772820179194 7271 863746718393462077 4764609017902244746058668157
751162545059 10159 297823403 12841089048230986129958411
816284985375 1312 221019853 500766391818263272457327969
762592445702 8365 106772685977611163 4250091715167335099068323847
782040425065 5679 627641414922424997 319012153050988815680728111
-837819339672 1901 1730761111 2271778214428113818165923153
743484390288 10891 422661763 4195086138216330152718499
817725800968 661 988163616774607597 2677009701515907381176264221
-934722015866 15269 548373013 25757861037800433773905697
816942789192 637 843659405721616723 113021018315521782314388707
-866517718971 6118 474190411 3396178776743088049513979
-877115609977 7669 411708619468351781 96748495115032704207009749
735981912251 11469 799173065069696419 1090673135642892446625389531
-899347145304 10765 124379641 15008745827188813178192849
770554390534 6667 49669036948524913 811488961107588937262343299
771300569425 6517 1107773279 1686819499156910649455246521
803267136349 2166 401091367786143101 1439705721421304680084924067
718794632892 13523 1 31619026580895186790707299
757215262605 8248 422604019 2408017100438928110374694279
798766051051 2516 1247944219 2553767893403380305528617063
804524900681 1670 1 264372247200492610576745041
779742474719 4998 315779734225792877 870804674748789913772986447
-836878342044 2945 756283013 18060295141545252721
742983240452 9527 1627070069 5881191012546267489581849
-833224174437 3556 376771472992391941 147942183764477028974292737
743234868827 8484 576966924634358981 9897247117408147790361619
-884917640836 10761 204469285100744299 3836433609129733877348948653
-993555018643 9806 1 4178286681587543137102493
875281698660 6167 995492912175928021 26983181619328524280139279
-941456688716 2839 143914646047334797 2176854414150276717045912197
824314533692 12167 613932257 2816400996260157340982239
-941812216426 3831 178091859980051287 13213554538775133961317929
-968953179114 7609 294304957993728103 719622550395444007469131217
-1018824441637 14453 82698571 999153121501003679875605533
-943048513134 4259 1 2798237081
877025724567 4645 476238949 3577061755067179459865276251
903940740496 979 1 20629905079591430934763031
845583444767 8811 1051521067 32440279685940630539120471
-940070595640 4083 470663060049670639 1702457181105000516815710537
851826349601 7818 282973142968988027 22629568560997116387348527
-923746096190 1967 46228903505759363 11674662644072998612250101
-932469505674 3215 298178107 269211385672038729709194749
-919458872175 1646 205299877 946330423740659058911506789
-967706387094 8221 65431143409856051 4760709772535809661934643
-917396051986 1529 96537966335835041 193182402150811373888726093
-934835496427 4024 136501819766076409 2784654867410922695922640783
-1000066586777 13081 249960313682306477 43180955225631775692430463
886183813687 2199 78701464704878173 661889806007210012707949681
784143179295 15922 620954419 116332833351631122347804251
-1014487921554 15541 127662584865429617 15070602396049806197181097
-918060653873 2628 95719263930703597 3482122661213768364719044843
857251655895 5569 151726957 2211945626809832509503271769
794037906158 14027 151487547673618241 23523644099221813225867651
-995896818487 13378 109759483 2726337122303564701767469
-948452471054 6977 1 34417869990091320063848317
-991932761746 13231 923356361 390024899967443706515708293
857763320836 4865 160139431 3986653277944688473059307691
-913443703014 2783 183973093 411423556184729398102581289
-891260549341 198 100444157857323703 484363982653716252317094547
-943538730244 8003 348167593 133499900025697977507506737
-973891627419 12184 723742190860029613 32652676150693164494039077
791751584081 12303 1584243709 1557175531313603413337351183
772942524989 14821 1517889127 834713802017572125256747453
-960613543077 10774 226679701 53736048487701626580940751
831267698782 6733 104899787 6140412869291936458207111
808749252609 9754 326401571 27542007336845131380890593
836208095165 5461 144653167 51734813881635519583041013
872962777483 298 259755487286732971 709365911929431146747096959
872644360908 211 1907044927 637948814777630357001680963
827933339164 5981 68267259817618489 4397290467663460147367911
837862811791 4602 54248495847122897 51556403398232204019918367
-897214396501 3674 15898134135296689 1077747364562623214834297999
797960717108 9427 729472478536743857 370801781214341348943487943
-874017573344 919 1285908263 5554468611087635245723879
757154835389 14700 525762798928187351 157351873650067760888482103
-917053384795 7129 60086103669857719 1205745454486863306401877571
-967359088454 14097 12579679279470409 2290105665602710107702154967
757264916587 14083 182701357 4098819116408784106183972013
943506946593 5312 794018100950348893 122551708652993854745473679
-1076192795662 12713 829307715181900891 3946553692155504207845981
-985570592644 457 1127539121 4046857235264578319040539623
-1009046415413 3738 687609709 217759715027061600668850607
-1031171348077 6787 297231611100925451 1296166164266681997482039521
-1005034096268 3617 1 258325684486761576038115061
870216352939 14632 842688858747471887 18456827983315097499534409
-1073133181914 12949 938760267224018081 62179275037549726207970747
884976180501 12419 774172723 104453349188071677971720149
-1090966259114 15953 1 351400461400499752700375731
-1056348917462 11389 627575393 1521199299710414591642858893
-988620605537 2270 1 3129822038567631061507187
-1089300351469 16020 12036073479907429 2813393789384230860173477
-1076346666815 14296 5776186220645623 7386203459545746882698807
-1055299846257 11800 583145039 164965818481868010418352581
-1002316573090 4713 590936682202031267 4902872431614865548127865561
-1070076430494 13999 68851116593383627 514925097996319694827235173
-1017054972778 7037 19585624162086797 295823071414283941961294333
-1037622528581 9826 432733351395125527 498352832938773812323844099
-1025103941020 8161 79839979 27347670706168437984853649
-980823961377 2303 161257490139631243 50216759673968123591326303
-1065959556057 13994 1 81631311196503262524437141
-1065676660453 14037 72098812057920623 661807572806521021389903809
-974642835587 1774 13157168218790753 4149042197790515346149827
898028874584 8615 568111807 3716299726424902749143993483
-1064397547747 14010 794929559275290533 181650921018609550732793161
-991085367219 4085 1 35904231702150997853340731
-994504484169 4630 621752363946162637 3799388688041213169820186411
-1069711262179 14877 1831754003 224295458131958794466249233
946833573770 1639 90403171 200900733557292900707705699
-1067214696561 14750 1414356613 324838596323536753432203457
-994314873338 5125 27675797794297379 1059699936158664971898211927
-1028412837565 10481 963674273 107124621026704353978833729
-1020601205851 9438 1113947815851521839 2392563609726349094725479479
-952111349774 411 1 172305124533072833532646973
-1000846935139 7101 719254697535535739 1224326021887779547549471591
840151976567 14657 422575030424087171 268143946103331644039747483
876701484043 9652 1 3077563766399721363833529199
918807369635 3861 263886590686099217 1710293471312887537968736177
-1040613783758 12705 219000667537439569 21719268085608110315908937
-1063187210905 15766 618430591 82044245707277368617491797
843619395671 13959 687995257 1225353553420571105917815697
912472690692 4541 1 985608496184251742374198331
912767055565 4257 107080777 474456124350368406549009841
907277087942 4855 936958389724275311 10174782531263856800458627
-998417555221 7634 616322989818798421 44343289634681383394721667
-987204258939 6146 1094336940750758129 122259815311517755135235887
-1005200808147 8684 188316700709138093 2569180493281588032374084737
892754060201 6385 134015513 6985587060424960148249191
-1043586612596 14117 135258041 25245292816162231247977847
-1048593956179 14975 1118423317652677103 5991920496831960017344081
-950896262233 1906 619368978026675677 2976968067937636280371057
-1047831795820 15311 929868109931978207 67104152919369022054904833
-940950808138 1013 112368530031921707 3128659853708223154034519143
932150333849 99 133847395269521377 2996881630732136802763528363
823880927470 14569 196732937 18812626475601879132290249
918823947353 1662 608676338783939243 1441358683906101232624511069
-961193964253 4116 14734264562345617 1176031109309267820376356109
-933379951737 442 445934011 1613647893251694843991386271
-929073267719 37 68026999 234338021443892381793961951
-939760309006 1535 49551991390140289 26749212794208751342181509
-1045737490187 203 1 5630350605413934852595193
970615270759 9642 1077427578664170611 3595484620336087756828615651
1019136994841 2981 47087620789164287 3133432982059671524241558311
958523749807 11184 64876707186224179 229266826473367900482180649
-1040257719669 241 161613230099577911 159545049343891584147982189
-1063926631804 3597 1 30911697798261285038507527
-1108700744506 9701 501615727866697949 2271440235315633852568740217
949241386935 11743 1 2009516461555807327006245827
-1116521142161 10973 12847590519349409 568398231354437890177116019
1028160911311 960 9952296443012603 9944145224873646562373669
-1079512446140 6101 448263676738328771 1668978919441466958673682419
-1051019360933 2579 574467632826087839 6284409365014638242830741
-1033068529801 633 1 125444052960550408141613261
996776474813 4272 990877477092095311 164009906857713532939152679
-1045855343412 2611 783388543115464441 21349810427955648783798439
947532822292 10559 147894079 26038029797577054478514789
-1052735200646 3967 862597487 1168782188131366595031379877
985506388686 4889 1609519837 791262527620423752506072503
1010077656693 1492 114501171153324863 3090381131849789003012247361
959108981061 8257 519695521 51843266165346395762334679
1005265529347 1754 1 17498669365914800172506543
947979547654 9457 1283890207 37843688001865655327356793
-1089502783397 9864 1172287373 18223996525952938494201853
979004262243 4892 563314657 19038480640278939722821567
966973089171 6377 725902773076092529 14295367039256410109112661
934727641885 10717 105792171767725901 3156852032745198397
932483122099 10940 1 146970140013690046125182381
-1052033626667 5434 142965020643879221 37313471093700749437829873
-1036189127429 3318 1067653331945259467 152587063028103486981327469
951264074497 8198 663604637 208005760319023643795061167
-1114113786367 14080 1 822526361117858115673523419
-1031073948769 2901 1 77072649234494165951497577
969721362664 4849 1652965337 3400687085899353441969465241
-1019703899049 1945 269227379 692369816328090195625287109
980533890160 2797 581578659933340079 16014308098559119513353223
996932910087 199 709865263 2305347565960432476617689397
-1048799310142 6883 125434877 140411789263057714237432967
-1113605421004 16159 319456191564923291 1921615149988469789776539781
-1001334310042 1065 521557769 6975129968311140708810719
916340222789 10379 60155841074743541 3711974222139987334818984551
878539828551 15098 1 2639302104216151766676059
950157299033 4996 424356320509455787 663271543158772812258986671
-1076609009209 12265 880141923729577589 3840900854728069723143300337
-1097272433863 15067 31468515845565779 36065463373751694494018609
-1094309225673 14714 800423071184646643 2431886522394796847679499841
976147179552 1309 846918851 120520948484105491195637549
910407326339 10077 221707807 37793609508543691045703797
888884441311 12963 141086963 54281811142343182351097311
-1032412196734 6581 531593093 4081237263694952243213980043
964665776470 2573 112770667 26660721969210305390266421
1069413916220 4869 35613708592079747 1839106687149922512756769897
-1133618019196 4423 400784382633824503 35929352288386751822359717
-1134307905199 4663 110066101 50289648209917479644298613
1017634857575 11093 443368105335478727 1802014543863469528086914327
1068466816229 4135 1 3109924737741983027
1004415729699 12674 70248769 7914120135292563990809293
-1106233200160 1393 94618032157292711 79843120660485781617965347
1074266017029 2714 91263281981211001 10096662578570565438951859
1046039686958 6509 1 17058369506605536893471509
-1126492456993 4547 195048111801035113 4945855640714298301378059259
985008836963 14492 1248598627 1115479473291415316529913129
1022458036733 9365 121322786618234161 1637769954708118041524629309
-1129588486169 5276 503290811 5065612445908267025894353
-1157929489137 9233 1 513213404268082415320260001
1017097491061 9799 1 6406109036575136530058867
1009039220171 10550 103843079 3625943308682669186376290767
1071513589087 1818 1 373334249277967336842956117
1061194001986 2957 1 116854538886838035068514059
-1117855852212 4759 1950555301 74365562076252008917233539
999398825011 11304 6515087753044337 1963676182173508524351265063
-1081648972013 12 416267434424082881 181827037413268499584100807
1080977890056 79 82008679 532032308075854661404668049
-1151835704757 9562 822511508254020853 166351003272707226365268167
980383318913 13671 863294655054226799 219689952579446849886487379
-1149906282011 9398 25728207133139933 1086185461301743199716941691
-1096843280461 2528 53585393761294547 440773344155789653290941167
1002847638819 9860 837103319550037207 5581039163462769203500697
-1183471312423 14877 1718977471 5527227343820276277321157
-1094394440540 2977 18393755680305163 103260242074354418768040349
1026940993735 6121 548967006852240037 78131197690591466683501333
-1076762025983 944 970435189 44636714907643957462806301
-1098831977673 3953 81952471 13087310751745500031396013
952578350588 15863 98734627111604609 2453757750653746915224594809
-1094688845163 3440 1 411178424300436609791776579
-1104791370696 5233 47349474836341999 2978372736181398466404329159
-1159201326609 12725 892329941 377034801648821940116855587
985242953249 10799 403898987 1558733047841985805357720769
-1142896982869 10807 365945051 2451716936785470529970031943
1009546154206 6999 371759613104702743 4152323587130887410720658469
1054189652293 392 294335551 5369701129618926731712469
988847367581 9041 72908640070943683 20344056730624217499297629
978232759650 10399 1 169348243691183985362462303
-1068320140482 2533 702322766817589663 3202812683686307100103720037
-1072595358521 3129 681297443 333393636382932543279389399
-1164821232933 15814 1 4200746256724673078541078263
-1132523508001 11532 1 66011265018846439651432351
-1152115658369 14384 45998106601637297 305643420207861466847982127
-1093474771329 6481 1 669861976861019643978712111
-1170850058269 701 669386057 2042306218468990911398026363
1059368677653 14351 1 1148884411281269980308929429
1128942748199 4461 1 5111923933846619584314029
1099181940055 8041 1698743791 69750724347446904418301201
1119821233507 5226 1 11801367428252403294733903
-1185593327906 3823 1 337100025409651943164068487
-1276114334917 16228 81744702398844193 21862069920456406620606509
1152247764183 536 132781880681130013 1678115616656839222981228541
-1177419111955 3219 161522658631886537 2136392621464086503615528083
1129133412487 3231 32839613992224187 136895038586444789656651123
1149262551662 355 1 522906528819162349571009921
1114629765249 5035 1 2051757099454945724384932399
-1250420290185 13411 657784850737671043 12257891578272493470521987
-1267420622291 15879 648665652716971213 12646924126798289523255611
1138362384549 1589 69613823 5409230304333945672953767
-1157878782026 1269 308950767571295389 1201621482618220792214025581
1032326147937 15626 265010169897357343 2581404826496739565286983
1103837631963 5815 578228638217664883 718996700482921834373037863
-1177245065135 4367 156298451 5442840850825425239956081
-1159467823616 2233 1028615465281972027 282585842760176075561894993
1077726558727 8835 72101233663436113 851323941909663358932857599
1047267098639 12884 336024171722858527 2658645389937178991938726147
-1193708487934 7169 379099121913476483 12869878897728853462872239
1119498622733 2894 1 1919252851896072755596320667
-1212320482168 9823 687532510500932249 177507029411310808022694613
-1228229384278 12143 497975413236408167 5105029086756520533759997
1025990355830 15281 714241028471714741 215215770400619762140042381
-1252704127477 15592 130895939905283011 485867472864412650683284733
1119281521415 2419 760992577 1241650194641349594264361531
1069646979213 8938 95456197544758949 1153211891904883075689424687
1115138428655 2753 1 181084525993781101445319563
-1207017700298 9885 591641293377263483 600617733914361912438281633
-1208369286110 10231 1100935631 10886222222679856501866941
1048423905464 11165 2107669301 1095969487101926329236040159
-1133644635183 505 1 839483372090406108650921473
-1154101573081 3279 331242001 3065523220546205093909671
1115592488794 1829 2018262131 650147087294009466643749941
1073719268531 7442 31563168949401953 2523954557
1089279560251 5153 153967577 2916923634859935016795663411
-1220458342234 12749 774810674472145691 843564625566798210787966663
1037025053343 12011 230692427888473951 2510506459766147537975069557
1066021733257 7900 176054521 577697927716101863460220903
1008928184973 15463 346126709 238488902740304404015939283
-1132834371420 1583 249779201194293871 270564837788276195784830849
-1163051247324 6071 616298867 4816030973174413824356312297
1047344262737 9554 43962459254578939 364061212009579432166614399
-1150837718698 4545 721111954970215139 3488704968950566058848443061
-1148823280163 4939 168032627722067473 1242185735049046739126158843
1054029798191 7785 183165950680572637 10913855853796906491520229
1032500890300 10623 396198907292774381 803190502428551101
996606403813 15409 2139612227 4353117904726439910245266937
1005217267271 13802 9900011731807657 121842593893111728440533657
-1110786980561 546 489173129 17606570067628527196340819
1216309445646 1645 1 82005665312249435634357419
1169740659305 7911 942904786650125359 428147457190111925443684751
1175718120917 6775 509246566363201861 171375713052459100777337261
-1291555183412 8949 1074751189 5888733445901882465097001
-1235941211727 1489 844497016013089919 4158811803744432943018943
1179991371085 5984 39938384333137211 1989277294066597882324464073
-1239700908583 2129 1829851379 1772375738771310126974764943
1191387102421 4097 537986500050936221 1846861147962076723429369423
-1268865234747 6458 77199113 23533519603310146918472969
1121529559814 13521 18495323381689579 2507822460131018270781248867
1117275888899 13691 1085414251535802281 3674264929302942882660543797
-1314133599758 13345 631100929343180929 378766992161203399418033623
1163640971312 6997 1975691833 4200591503599277298463840501
-1274295868197 8545 474963707 51453613102018704083707411
-1272477103106 8575 700467439885103503 336660810940320140904182587
-1298626519891 12186 179396414937125887 5927148095297323718634757
1177788872133 4151 1564694693 2370001291091810317976478233
-1220662364490 1679 414241679 1989908208533608606367915503
-1304788960885 13103 461920117 4535846972821698250001574073
1156463091713 6994 160572509 3047556993840479392400523961
1106710557079 13529 166206991 1905203390260583377
-1287210831595 10996 1147697399 4632862774169627393859028373
-1308971092901 14142 158632217 1085112477498921927171041309
-1322543661366 16373 105361445645831209 215295126463701859944566101
-1273516493956 9855 1 609753254321307152092813121
1196260949104 621 226990445187558931 376273970175996221115504121
-1219428393403 2667 460950188913876863 14056970284099422382788101
1137589371292 7861 1071612791 1379595724537027800644026799
1182954181611 1384 101835463 3095364434277601070599223569
-1241987349746 6979 216390567772441837 38211421840986527714691797
1100086164505 11661 2061615763 622545404093943699252918119
1111377917006 10081 309446023 43182601265490080447605969
-1204546379210 2683 1061072263 29843065709691407164796473
-1191594085970 1187 378373091 3284569335483575076607933
-1183492184125 186 14990749866458089 184525178696123579292632891
1124317667563 7708 697288981 1883105350083876588220537859
-1276038522483 12947 830568168889450889 1484026015585133682939036121
1118624612219 8122 229791181 215225468614798514411328887
1172834104239 706 599023151 1597474358284929421903417927
1157310108697 2567 213179561602654853 1609775407209912119869296331
1064619062627 14892 212603242053469591 15619077028771250520398191
1172067272681 273 648878696067363053 35470567197167825101426339
1163093824986 1441 1 2320057919165910727544650187
-1193290545180 2849 603372775842404303 176146143062037405659138641
1191773301274 12913 83746739 239820232288179142597426679
-1286591649905 91 924101660060537501 44885771103446239494034081
-1331589085538 6567 622419434071683943 242723110216606400966999851
1266681897919 2023 2067780587 1956408133935600045526705727
1264182708473 1890 75745923036335803 4900262534353462883895881
-1312814394503 4851 907864103 220827947738129107061323943
-1304544230201 3876 249695525522590051 19316527770039753172720949
1252366132141 3053 1 153801816233732082465807413
1212530288951 8406 73842779 82034747592473559816939917
-1293694372863 2779 691629979 58663841964249557296481567
1271901989621 111 1352891747 55350631136720873010518507
1150632683555 16116 833643973 1690935784278436080876363869
1174691093957 12756 65935946764953523 83878098691823198850854957
1195564364652 9893 1812181561 4549109747460292575732286289
1227952631279 5436 240939871 1294002692247572178271274327
1266266658329 208 14865099516291859 264650074895380994509424957
1208356584919 7719 432364361229742373 2701909937569129105738858607
-1331442151498 9053 337541221614013987 773598384741930347660961557
-1381262448289 15825 1215693209 4565105565387023100681327653
1186962465885 10376 487681206235210171 90988023350578075268433833
-1278699613894 2259 425868097438474517 14178923314730603469744083
-1265587048931 546 371270024923958473 151379893899938128902233749
-1350290210096 12097 378189263 416753034807723580818102029
-1333586250484 9897 2052690641 25294017062412445313331851
1188904093357 9592 41553400439335559 1582524586086512719311414893
1256417232085 372 155956330681698049 1397145632032159978106431571
-1323939136754 9077 1 3815585182177098360214405289
-1320118475811 8624 330006371890613893 3152895275030401830624376259
-1312755418080 7951 71264403736975817 187843446258427411467400961
1161093599126 12517 587936214182194411 1160127646479569970188699233
1196192411904 7367 1 218288092745824238175570281
1212434479643 5132 231996476244045169 615979431690260715915735791
1181641814176 9275 279885956863859309 437907629429892811085159933
-1262560531076 1893 1130682601478943193 209229232044572867857625123
-1299516333244 7067 528442377231334481 2540150656735863997506949
1224448359333 3031 69839152396184537 9449024015756688607497523
1197188788006 6581 109038693571138927 69344272183128361
-1300822359980 7537 444911608888987943 869966588175190182781012297
-1299859656228 7439 1 4832796143091882396402119
1224805198957 2169 1050882826256635681 45683982652514402346016949
-1287948602459 6491 764461261 115858083296649616882516133
-1249587783919 1875 35471613213470801 34651836591553723444453091
1187801333135 6422 54534663456058963 1483839703324357592802006361
-1264524600129 4112 935935619498045081 109544842771523533227762287
-1314356326439 11032 1 697349914233578763363259003
1201145291263 4222 1046315949924439703 8093592962438667558924571
-1348537954791 15781 632748804344353343 16847525668170532636038271
1328572188659 3101 501264313089744709 1877004279157133033600045747
-1413475813717 8526 787152360418809547 97952908360932027610890691
-1360080222995 1318 1678530517 39575284457103563263544957
1322204652323 3818 21821240530551823 1286270310339273607597444759
1282343326267 9207 1025022512495749619 4333444454505373435323379
-1371812439495 2974 78037099570508371 696030675068141929
-1393454708369 6104 1847829877 4276909290185970658498259339
-1396588226387 6594 67650426145434133 2784739751846712147790121119
-1408816543817 8301 57507027717679541 485414723544127069327766191
1246897413763 13623 1106191328089245703 2060077242023154801564296449
-1381332377395 4688 271634616699626083 2263857089208445046318493289
-1414240220197 9248 535143383645957579 711045573112829391809663167
-1420243124925 10241 823385719601007209 521604208883316477403273853
1262805699666 11059 328817345336332169 4253605155149008171987101889
1252629627613 11967 1 800865241435792338804884297
-1434311217863 12946 150858107 9087391323259935425913869
-1451784831611 15348 167231777812417991 656025544969548627583919471
-1403259132037 8898 540641441 26288239801792250530551161
-1382818294857 6175 84620981 145230789216840596925309361
-1337130436514 61 142736318430367747 3346468734126535022160643633
-1441291615147 14218 76733809 255929485150825239819669151
-1333815338149 2 380282768194240189 16553869824830844636354767
-1406740028031 9907 80698477832378437 712464978724505262177042343
1269283635200 8293 90147153919449049 308506853592909635672882971
1268915604557 8229 68361133 69185955931018738973878523
1243316653469 11505 408978196321151881 1335827277812056792430193551
1325532591414 275 1 3279363207771090214046478329
1269470781203 7812 1691251439 3504465591599899610128737989
-1373715782961 6454 122283224386194587 6941692660018680085943219
1258318528508 9129 636539182573430779 6147251471672300099958163
1213985575512 15043 423853588048706201 6157037081377271220605891
1232075329993 12411 495852912321630169 1112558091172260329913746959
-1370116437328 6389 369371414460092971 1261286609564185009463419133
-1401299296769 10650 1136298431 4514113048901528936679689
-1380670776879 8048 578751427711348681 57159573658669720496666231
1288199614955 4296 1 1676792971651543176834847447
-1377816218723 7905 237709234777354801 8221912492952852532163321
1315919805991 472 1503454391 129499424631435296799559027
-1325878120769 976 962919200158324853 627888210538179967979166653
-1426680530332 14645 160874347 958229974252604704547799137
1234894565928 11329 243204793429102829 443771107914397255778425723
-1372332313713 7438 893179002332310977 6758610320760419764229449
1251190342477 8745 1351303669 4031927328076854459972467291
1242206160970 9947 2112530213 1080519947048796372939053083
1312132161441 172 601527679852116763 104578011948634726885511287
-1366430147785 7256 205491079 118726132195287094557619453
1194045252004 15957 203643259369392907 63924947995636849974308327
-1338083897161 3819 1 30445305424702920856161647
-1421488604867 15796 1906673359 44033888446577415119489807
1233770020082 9659 400209097 222369746061573519613616053
1287118739814 2197 425665122362995763 408927192766164148028407151
-1308257493481 702 691204952518601891 31648444969489953406474007
1262420136977 5416 593731407759726571 1590705978872341245473412353
1205349368231 13041 160797097 82609145017220839918905371
1278555641803 3049 758595625410377801 33552054637340575314112879
1293320140564 933 446789865509195051 1465018420626774967802481569
1219484368619 10929 632706163 49952785479204331999860931
-1404285999997 14163 91994309294371951 2232573478287387699203071253
1239781889501 7542 705391029697023473 675808034944382310414373583
-1307297155100 2199 587958331588374557 158234925858906494845234529
-1422622374189 1321 348752186737169027 3992999045448926198002771
1354985915873 7753 83256584790010993 200679293152017504089312413
1292659156747 15928 243032617 158035497253228477984326091
1325979973061 11312 1 75886556962510126522463353
-1494507414764 11801 428940167 2021746035169944235760763847
-1447525118204 6081 504187829 475855045258106554408421227
-1446054307546 6207 177727455554788651 10955202139363579769785049
1391770493799 796 1947395279 4385034813272697739
1327200526801 9324 504610682682602147 14542020421139355964900309
1350970674693 5938 68570650121335237 22305181393530823635683987
1379061639450 1901 447744509281957627 43195819434422523514596221
1355541728519 4472 1 5393362825713236611340513
-1488381786698 13639 150222250421499811 2430286153085736460792663
-1430063450725 6154 68755779125633027 584350973835630838837968953
-1399882870999 2094 131299139751721507 29550743646523003787273659
1361035214427 3125 251475997192567141 138322620394788708862912381
-1491921142201 15258 311599060266808511 1542376387674419476857223409
-1489494266861 14994 1231914767 38014538650751019695910601
1324858647293 7217 618171402476805943 527036239554798102477790061
1373691453173 465 130857973 2066590448234217157364096557
-1376092229440 7 1345361159 1549385862485703597959404481
1298402978909 10300 366536237 21666689181053051950957421
1342209020953 4311 97786727 62856444728915323054907251
1325868420785 6478 278977921450235053 80403675263964725247253489
-1446698733766 10037 1 34289287268428845001876693
-1443712785788 9925 347295363820079911 189955643418487766271076787
-1404641885785 4692 936695549 89174593714943428604377307
-1398960995417 4719 410273249 370368645935357943165848579
-1368169761114 983 1 1635221449312845931979382151
1319133251306 5341 173097174770430143 357281199683416269175198357
1357736236573 25 105737552468984323 1786704009436916966791073663
1351722717283 515 104164170810891409 2942988903514461229466113
-1473311910838 15989 242235701381108317 1912475402998692165871990217
-1376934257225 3099 148751206594071647 571505464075968323716861583
-1354510367989 221 2080776403 1148085795612101802040031113
-1367571351013 2106 1189912363 942290602052311511832301159
-1498248327695 3326 756821231 16213023744868952040092629
-1507560387425 4784 267563520560366809 159325844353368886242886601
1461994656006 809 1307154371 2772293355073270492811623
-1477863982153 1408 17974308436501889 890283907361660782095187019
1365894531091 13759 121515951629681113 310232099331980807980206331
-1530644247099 9037 47167214450792741 331759738929022239974975843
-1507111475485 5911 19538629737319817 268358956309751758818417217
1375067905972 11913 520839911 562018861460331965443506121
1410220964267 7016 1348015541 307598025113007926507154613
1404277830962 7529 413725219103410859 88578668681188255059174911
1345452580747 15457 588197353 509801691749187384988233407
1446555338296 1731 424726699 11095881347300131805457977
-1467413859937 1130 581926297 31019161314771138982800541
1388251791127 9035 106514987825446547 41722214914729582396157531
1445015572817 1175 889674571643318137 147662742402796922811124723
1450207279575 292 1 116226105387664491050261369
-1465217145348 1841 850806469 2705632586176606053008077
-1537154384069 11905 136949083 88524708862787290834104667
-1474962990257 3488 311703187384961117 1338466176962605555922794501
1448759288205 49 318956475774130991 145680630160695249897269813
1380182905675 9283 304285102725438379 1343471837435002289340552251
-1449811877695 289 382917548771758901 837452765476992897392704459
1392944892377 7406 91772289717533323 89956016161832132090758589
-1444004308454 429 561548241386492471 1534644361875919549759370729
-1482381346962 5633 202937158618402867 3197591301834960649970341
1378103527561 8491 282257803 124766582215861180275326533
-1501480059978 8353 599619713276294701 16780271132080624216205057
1352918245692 11597 148652953 122549757969878389760765963
1346293912825 12479 96713998448599013 650688740314626572132171569
1395516872929 5788 289006800435335093 120456457934785360915332857
-1494783452755 8047 171119013823205027 3127895406682357396010108191
1398897845080 4939 1 55873498127976676652703643
1414586246837 2356 26783225575313611 133176297319594029787531639
-1442039603237 1383 92234954378421403 1951739948402300682142181321
-1483707032451 7082 995877484169699233 1396992221583967513135368559
-1509737144890 10807 484610699 3765549170388513974105538673
1429549897577 34 1448274617 28374662474638783226362027
1427759934887 114 297595728438051107 8862766980990485575279567
1383927217313 5472 107963489 1995184048942387444683025357
1341669209732 11007 163744096426689551 326810423336298595734577751
-1425343952359 372 74842873218334057 220651334691462440218055809
-1429102993258 1077 1 3685163411689719997740819353
1315369102122 13955 291455814219938737 3028175416478967675408253
-1422961443431 651 346488515325047087 79182026984232243266932657
1297900895030 16161 749685751 59371377733960892062125941
1298717499656 15855 544224461332755191 152309262482151651411471901
1363828550203 6977 551911185068601223 197423113991302275714111301
1411849462406 449 261729058382669329 2393188777915560514317369563
-1477352714548 8531 112653173 19027372894122149113578823
1473134187389 8476 973089085244713637 2947272938773978592824393
1438933178534 12951 1 19921337069205744270089153
-1536167668693 283 166441151 400063487035470737002186703
1416273960391 15926 309827476091450129 479370818303378605385694541
-1574582355043 5964 44598858208284407 39337448786843319302906549
-1613589627381 11465 1 36026497573286858980305221
-1623236860361 12822 452043109411473401 337291678568045854250095601
-1614729359531 11766 234751799866465213 371366069437587175256558159
-1543065057809 2097 158725799 6791762134103112617328791
-1578257771567 7455 29195727877676699 3285913412783609708023761529
-1572101472686 7027 71634427801361731 178198958359592216266227781
1473333776618 6301 142958993 389558600596684949137487509
-1542950046955 3432 1050634723 884824992810209765229885323
1412945245929 13904 1912202443 260033952080970250036709441
-1531231347095 2266 153653295792696697 13358031994427009500720237
1472746676786 5567 27153857527332433 2500746996398478378146792797
1499681808675 1882 1858994617 3532628953229901179877228353
-1532848415879 2648 174981202257390457 1362663784411074465939494153
-1556855860549 5936 838751413535478943 2520483726365668754176635817
-1623604751797 15150 431965717992575021 9374522142798624166663403
-1622203631417 15139 1 2647509137270480105750905727
-1509604026025 33 1753550873 14500290260314479094426789
-1589097451593 11024 1 4888588649694102629773253
-1549958212976 5977 324335653971738581 647160170393997531728369021
1505081552603 27 1437230953 20597632319250362711050273
1487214425346 2401 952891597731171251 66303569454964076000210717
-1538072522823 4528 84180394635938113 1257540170696234287262548801
-1600280752810 13289 1008246073 153943649732467859998311317
1498243517453 222 1231517827 312876726249045333619997089
-1567265074931 9170 266023046140103891 3230523009521673421137074453
-1561659122497 8540 151650313105009387 962730773180249376189119483
-1587783215416 12831 104797439 2041457656393223381832611663
1392864428701 13519 687148159860770863 2432793339885065020531133
-1527285299236 4725 166758735345851309 17259802636955296807927697
-1493774872091 604 630210443 13665763254942302849
-1558662679207 9468 433953913 20252354371113914776885687
1440682372433 6270 414299377101584617 79836077666860765314071519
1482336404257 524 1494520081 2634010206433109175165281539
1423667370773 8382 631448763104914217 710005998059713227978076511
1460320161377 3184 59483124890936843 80567275616635390512048169
-1560951644905 10592 28076078180881483 2979501988750892891533022183
-1545660930899 8665 929389049 13455560523684380291835661
1407560211141 9899 876681989 39885394501750984158294263
-1585571910773 14256 400327223590262569 332456239288271014036514587
1471929137789 1024 32622228059579783 2654311483004806315445919467
1463152138745 2084 490249196400480719 2663633086433362775316037127
1380984502954 13161 20257376073150157 616249858680039854700447313
1470158018895 776 339735661 10334475255800009348074811
-1511884444325 4931 1054746977 32507661400081474590908237
1568590899955 3847 1 1218790332004347246119474431
1508615919235 11817 979050697 2807078939743190441833573781
1484438244237 14884 141890446678609361 4142430356353246170710753
-1642096289099 6690 745230907 536702055702879194083965487
1525169148272 9133 63733143458463587 1051564375737293861994454129
-1620711552213 4018 583547617 29023627611974077702901623
-1601860949287 1592 189560323 613382055088119374060257493
1488699567929 13460 542330690920370483 1504638137922415839303550567
-1612760579693 3428 485429985376608791 168324920825469185955107111
-1591207540600 603 1429558003 12884193188869165427536837
-1611213976394 3381 80045976855452947 2903178875891384680664070103
1467060121633 15955 1 322596753455114323193760083
1469934179542 15549 43564560968201941 3685482340513752883027632953
-1662238408207 10658 239235534631595153 4235239244874237892476681191
1507799791609 9975 789523692904234727 48244149141449454429475451
-1657471879687 10451 134238679 1607432250053977224048091099
1497745071273 10834 287135458187074379 873651471214087752725346253
1481384394895 12841 177833231 11124390011966437932047183
-1665685910101 12232 1 4572460254560686127566453
1499688666616 10245 104958989 3058233561006269679962342363
-1590929713695 2339 174564433 19472291925104141767068107
-1590526162081 2447 1026868201 5552761499972241521189609
1536396517694 4649 2135835811 263563717072550538957744749
-1681660646247 15163 662110751 22370289428424678356194507
1521110514637 6494 112855298709735191 914398779591985510498415917
1499745933461 8968 652053021669864671 50709078841557377277591221
-1579862834539 2075 581612869 5255771007758334200885959
-1583991376995 3302 456878356751575331 2764957473059546592132315139
1558040416482 217 284776273722362021 45217591279672814801353601
1534291120007 3291 143539657116517873 24038490723062533125296293
-1575324339899 2322 100191103 54339314619803097245459663
1480465799098 10541 68041639 844539321627896141562326777
1452435957428 14049 375695711 1275624053935974220067381537
-1641995510385 11737 259116648302980687 404891206848436628240929501
-1612653002909 8051 350286298136643949 7369787037410150611968181
-1604251409035 6928 274731097 115870176196677782073862519
-1634402530403 11163 289521691605931417 273572567222737030336354417
1440435097421 14879 496782469 181625175272978187853609643
-1559123478037 1492 163034299 5748792803615029328431967
-1650759350539 13918 121860956147683033 154052821258722891917243501
1457597132414 11787 87549468114277069 44894197356502456226694509
1481522145373 8380 688910029 412216235347457172653368601
-1548566017701 874 1004486117 1860187854333245005204974109
-1573699220674 4933 930886829 3682460227316781326518649
1594747870388 8485 227440485871985587 39025904032732707796161607
1634964604904 2641 127495328601348679 110854558171888305013510409
-1670750560607 2472 50144841406574471 12649497929422528483937581
1533597835297 15817 1655371943 31602685275708287507249663
1581994848377 9238 98010527 24732055428422897857740143
-1652629419647 389 449636597 4679735531529521946584611
-1700158941869 6948 288417962074593103 1013004496540842738198313127
-1739776252577 12369 63419154893594069 945448137033137881758646573
1601774880205 5612 749000431 664239380251997814863587711
1527162159097 15453 526755709 2928543413019620904628687379
1578887787182 8325 70954857635957527 1707704298870712943400213161
-1708000349941 9248 34230804128152031 394250353566631087445781647
1577519524195 8299 419618977 21710612236578592182811187
-1673429958779 4788 1 121543213982635075285420177
-1756624045237 16232 547438329332441143 323601596852290793
-1659976237453 3403 107792039 1864285721385171265235569919
-1668013199719 4802 715959772189542899 539444444113186831269998947
-1690558520172 8087 483746183 247413396788648141
1610761546333 2278 1362021139 917776356535528233821165107
1559583680617 9169 1 6806618220069404438961773
-1623044387530 429 80230529 1089178687568851154375246513
-1634846413558 2485 13590077137829243 278083383323649684923861687
-1704183763783 12050 247582614711789233 2905109466673532480023033
1542643437934 9725 1141944009306312203 159227886146693621862316549
-1716174824185 14034 91105073 1193496742459187743444154311
-1657365018731 6222 171314137219361429 13265395771155026801977379
1515214987943 13005 285119321 2870782043605600304543685131
1506774513813 14117 1367897417 4738887249166211775716947
1540721508965 9351 1 2588517907545386822181386897
-1658679811408 6921 497057960922938209 1199102373483424616642918683
-1693841556144 11689 467016409378195933 3500041887499821576104965757
-1628270661095 3009 102741610464279467 310331414169362544401015399
1485100282003 16275 830496532286813417 11658054151341607479588049
1547541097819 7694 297724999664798609 382729998389944040388118373
1600787886087 376 576343476302167649 2465759644330002057898419463
-1676468720946 10277 316632839 28963772041045060428123787
-1651886798627 7204 254402408745909289 143588911348674442687477339
-1768660863793 6913 474926203 275753440311105735411757993
1646694257447 9512 880397827 86616808527786015844059973
1666850231152 6551 6467697914688733 4242258013711435079062626701
-1771101255773 7667 151076293578914609 49040930571231846904975963
1624592879528 12151 721707803 20454339468175184009849539
1594681181809 15963 243358906378620731 3508573115945970352956223
-1755912552731 6242 1000087822721787997 1504588434096181254479710547
-1760916656279 7604 1 4341120317843475019733317
-1721875950091 2489 741671145190639229 2678082173487322363523105843
-1753475142329 6839 1727292529 694733881900659487605726481
-1808872589153 14351 523024993 61100306903904406822147169
-1715283818660 1709 1 649212388703603705178260369
-1787589167524 12067 1 47755997597767100046037901
-1797813621231 13486 144797771302522649 2853439460529576580976261323
1595586678259 13855 1038903449 3021416159089471592353853539
1607357198558 11787 40592792815194383 155825177621684202227323619
-1794123813403 13604 1 229752972407958011279742721
-1801411237493 14820 513967776615424063 491757147201024165316325539
1648129725927 5770 241381480835452543 669878805860293161777493861
-1746050166347 8094 307189100290944539 1447561897151153470795877627
1635203651010 6937 66894942414451979 1294222178312632291760035781
1655803408249 4046 210105179 1327894938736175489842790809
1644193239173 5539 505070070403492057 10795472921971727167974251
1681458811225 144 86816668513465087 3323059623887505230051819
-1794588885604 15815 168399601 1261915829543623971809540251
1625077352025 7106 674189521526237573 1329450727405354663147240171
1677347999401 18 18770098566596807 619795385256277784794541599
-1773024456742 13021 1151022449 99293344598210989599517327
1670754516306 847 822758557 4422403043927887032105212029
-1760331623611 11609 17853158280766187 120544192456849455761767799
1588263216284 11317 899619049687717859 1032609038122516394868531913
-1776272766907 14210 212678803 536995798679200184633081351
-1755767566605 11462 1225575881 454808920146231327122443967
-1726361312214 7507 15459229901585269 41308933520129498668785607
1559432214749 15015 133312931 34270327733322050745601927
-1722130420837 7275 138060491 324299141777614583286594871
1649658976137 2357 246332630402604397 1899719909852391000989724479
-1679103454827 1652 1197008273 913719363775337786922090947
1593785544343 9901 1 421108072671072220046297099
-1682298016432 2313 1 17281770475272018095221717
-1702738893362 5215 888753008948696579 4496857959847312249179571991
-1712439755652 6563 67173677 14082757230128111403474221
1622792381612 5333 777375139855140439 914513495446174233283395541
1545072281309 15693 228429146333695451 202414313823116962111506089
1655351653774 625 96702870271216829 4872452239683748815754507
-1749586719065 12186 517382884730198923 359970976766297435513933587
-1689059960734 4011 327167212029975293 236918496332803163346835931
1692063798836 11919 553984208117014387 481741827698562763221778253
1688139934265 12207 1015623984656382727 296479109486156746348620913
-1797579266609 2682 99018259 43889878594416278179671197
1706041429579 9031 1 9095868201256706087275621
1769679582347 369 842155989989063467 13552108327389212201
1717443799985 7436 50980286929710337 2963820196497422932480884991
-1839055236371 9608 402134911 66960392107594210861787911
1685061794721 10867 264519811 3404090295736314649584927103
-1798881596103 4616 1 98600824417846512980555383
1750938484162 1755 732839888259863603 5570328397935726257136329
-1810585705909 6496 318252877 69628086002642095079759891
1656022994516 14463 885002959853810209 384318631736443557407701669
1728399961779 4616 217521751 43652989169156775280230511
1636737453497 16232 333651443 210450751982451519417325661
-1780129147899 3440 84364450975469641 1499386403704230172484900879
-1754845254101 44 181276841 73892991291018151507652141
-1814210196451 8094 274881995239223431 4546632658253080999854671
-1764949707755 1463 28683382389454319 300004967652486066822448297
-1803262462641 7000 67567455334251793 3507051353728059573727424431
-1765278977392 1947 1 12669915692257651647486973
-1832928216891 11218 1 28449856296715495133284181
1683112733015 8902 90810541215309781 8740791626289893400340223
-1855440719701 14645 193916431 34432119551169769512280129
-1793832648979 6600 1145129063340309181 541165878213547148280460363
-1777097879345 4526 1133727738116221009 2650883246053236862246213
1628793477797 15503 153324646974047929 36594179177869824577579939
1630953021544 14543 148342069 137562059619080661476972317
-1760317669885 3113 9858118667189993 544156245315002216295769261
-1781199090314 6449 343255074236491297 7820420531689389863
-1733241229319 76 68703527 838433015312946738631307209
-1762040148668 4209 1797322339 57518467472716282810846511
1636529058413 12778 1712995267 1677716524619254299735816161
1662216006868 8709 1853904419 798604468211903126639552237
1677654946871 6469 609526934657122399 227583827165855679963892963
-1749119480407 3238 275638159 645868237412158586133106621
-1727846752840 809 37808613666173447 31453007588732196584747249
-1739571594813 2464 677943729260034733 226899969120874350390365663
1739146933817 13996 47926564287222631 1807433064120895077236608559
1836486674975 764 477902266062894109 62553975947038637175787867
1753673519593 11538 1 3236366432516652050359879
-1943043342469 14206 287331061 686723408168328440128895129
1772389413162 8935 310421647 486377556799459227847891333
-1849496891017 1944 834783898458916127 1616090512091247111725822657
1807542550957 3680 1 118707530656060834542963053
1714331888962 16287 9799456625851259 23517923034209792558476943
1818411947798 2141 756613153 43032542000370003284058409
1722330587179 15121 214916346115336787 10428596258170410209718709
1798628795185 4726 1561649977 64690909640568914683273303
1759271719793 9591 1913230381 1766916460552619911083873419
-1947186753229 15972 21415248012714943 929770482890877554095927601
-1923018420629 12711 139781856906381709 462973703888273245658083333
1802034633995 3597 727764949 98346829361325128060921783
1743153090892 11435 267957455680571747 13765492408791850191041431
-1946029687947 16108 75035657 4517656101337252454331853
-1832103979609 692 783175639 3222112679288002774917865793
-1900396194371 10278 13128833724949069 11403845486933939171597077
-1876385469916 7315 143975959 258143287884979281386028593
-1848061303123 3702 713071847 61262061703898482689004703
-1874396553997 7924 74871322182884407 346412440462463603031070181
1762216600937 7239 84973063796453479 63181633827703327872076931
-1840193537521 3465 72258331 13827868540313113644393179
1714879551874 13479 793566611 313451599257259970271636373
-1888771633991 10394 223076628150787777 1599693883891690364122138327
1764632205758 6407 243253613 3327688169817854968094708749
-1917978895403 14859 68783161 1470378037151971766031733979
-1884710396485 10364 93590112858039389 337944512150020444900750357
1790395602811 2230 70806613 183610024131227674315892423
1740939400921 8676 168952073165061383 276427600532544532883085751
-1809812155945 826 968579540294115559 12209235251382412601064151
1765680362549 4898 714313643 1869744130445755001113395389
1681608130921 16038 401232239 30471651656778562411718909
-1872657994289 9885 717166579 688598908869614797391650319
1771396356431 3830 23160686943493717 4593001822524120711817624609
1771859063261 3214 1 1255817397044956816305869077
-1903629159068 14817 8557410618616721 181015849515709372877008019
1734070098542 7785 172305112926480901 2550661507642088450317043663
-1883563230101 12812 29813925747416803 3250845672246868125774730081
-1817226119701 4321 526889848550406893 181320321839202342530135959
-1869968736805 11473 1 17514459861682989702156239
-1954532219699 6863 72270556922936843 269420183089528007106863483
-1915335992487 1792 232471336338818581 182956634743043164019696549
1821456951863 10808 146459238844053689 256131521781843131727682909
1865139674319 4673 25614730637930879 88149870619214258519521477
-1960765861635 8408 423621513476500013 639360307094274914053369391
-1941945492274 6279 210735047 7101396134616386660855761
-1928972427117 4829 292226261 986212725525723397876202227
1890327242059 330 674216732726161753 503466485226341927334768677
1778644781343 15214 232862593 12698851952356637882988317
1808603469302 11119 1 1575166274776222222312470331
1861823462790 3707 858352848465041089 8000583647426227314757829
1793044608746 13001 149950661601445027 107649367932385696400992867
1873516143077 1975 870538381045817651 2641678075166221764537250501
-1995410475067 15026 274315007 98537281195521937963127953
-1932433366151 6535 1526146001 3096199641360500602808873
1853037896555 4101 1 1912028368992357428073465163
1767130063661 15555 298262299 2432416743646815643953149
-1984172510876 14153 97352459 32449539530882048465724733
-1888948603010 1273 117571603 171690255430249855467014237
1764321800038 15529 1 2069049775297455418685376949
-1956040240785 11282 1080444887 213774284169366792297041023
1860038648299 1736 249648355503658187 323150032572109223825394203
-1927881633121 7545 231703159 1836875642545001283201478349
-1904324074348 4497 478686039999272309 1698462039440678681486118757
-1958862756505 12039 1 604538140136344386450514787
-1920508537285 6952 1414048411 479332184633064023402718853
-1913593934287 6112 468197173 5571988037518895972678639
-1970674124931 13901 62252102091903557 7203857085792922327
-1942568530370 10399 171238421 45230266036809677156058157
-1899232529933 4848 1 3518840637020908899268493
1800822249946 8041 330729859 592947211146952544715102719
-1915288346126 7611 155269063 13757276213432204620781399
-1886548502493 3844 916934581783712383 343546401495979199111828419
1753745356699 14083 236554806113442101 178570894070600962252763803
-1893190983449 4940 1 7688026053796887701850589
1781332925499 9740 466276439 1083640925862649197047852509
-1856327929347 820 999877237854352243 270072230609909257420136899
-1945410903593 13030 1124678501 638795378927803787517999169
-1891112340792 6025 1712157913 269384387921491873083418037
-1847310353740 183 851072813469332891 707363717724233654181392639
1928400394667 5077 60659420567928109 35297483323998547171330081
-2056465118635 12419 1119484519951636249 2043084350270615934134468621
1882569796483 10950 1341660373 296340929728351327698693853
1934481795364 3813 1 995672138964079822723596683
-2042619891421 11046 307120843 305677837073553982376890459
-1961030947271 617 1673628689 420938983025225255722380869
1836102484399 16112 994841612915676133 11332107105861381139688789
-2067098152905 15244 417755087 638268422440976128478278873
1853826911565 13318 857339059374905719 2504781804157213112650457
1941721970757 1025 519021444669657173 1439082019293855869970780139
1848226445287 13394 183713963 3881856983640738123074507
1875091847148 9751 337982880858835253 4190001588830584689747340831
1854665103065 12407 938423250496629977 1822156478659443544770849247
-1993364670174 7003 763546513 3520898937142443118928767
1938539156671 106 18557550974432333 42050270205889574542282903
-1980775935128 6435 1 337064741707371382395440017
1876806812197 6264 14990643200844307 346985787503989770387402311
1860597681351 8104 802971971 13239125978109161194794097
1833966256733 11699 492416623 72421575529542213553288807
1846258321078 9723 1 20011252049528616721803041
-1944779377970 3897 1 232027751697837943
-1937073812212 3503 1032094747 91829227775781657529172683
1830092900687 10955 270365581 460269662770548693099962843
-2000795788105 12274 930300644007262933 36475647455666977999298983
-1935600377726 3889 1 249308083502135889189343747
1828418346351 10580 191357834357984561 1937213058724377491579685407
1901876009798 619 287120246280423961 110464281507373159628809333
1868821372163 5085 419122820857293521 4078723247981708480809624639
-1965307019853 8080 375160189 947762499770705907569139559
